"ex_id","rd_id","status","stage","name","hypothesis_summary","config_paths","result_paths","file","decision_ids","created_at_utc","updated_at_utc","novice_summary","next_action"
"EX-20260605T115651Z-main-BASE","RD-20260605T115651Z-main-DP00","completed","asset_inventory_completed","双池轮动基线资产盘点预注册","先把旧库和平台中与双池轮动相关的策略代码、配置、结果和研究记录盘清楚，避免在不完整事实上继续调参","不适用","01_台账/旧库迁移台账.csv;11_迁移暂存/双池轮动旧库复核队列.csv","04_实验记录/EX-20260605T115651Z-main-BASE_双池轮动基线资产盘点预注册.md","DEC-20260605T115651Z-main-DP00","2026-06-05T11:56:51Z","2026-06-05T12:00:00Z","旧库资料已迁入新库，但结论仍需复核后才能采纳","按双池轮动旧库复核队列逐条复核实验和决策"
"EX-20260521T000000Z-mig-R2026052100171186","RD-20260605T115651Z-main-DP00","migrated_unverified","legacy_raw","R20260521-001 ETF双池波动率缩放仓位","旧库机械迁移，待复核","configs/research/R20260521-001/","results/v2/research/R20260521-001/","04_实验记录\EX-20260521T000000Z-mig-R2026052100171186_R20260521-001ETF双池波动率缩放仓位.md","","2026-06-05T12:00:00Z","2026-06-05T12:00:00Z","旧库迁移记录，不能直接作为新库有效结论","按新库研究质量审计规范复核"
"EX-20260521T000000Z-mig-R20260521002E8F95","RD-20260605T115651Z-main-DP00","migrated_unverified","legacy_raw","R20260521-002 ETF双池条件触发波动率风控","旧库机械迁移，待复核","configs/research/R20260521-002/","results/v2/research/R20260521-002/","04_实验记录\EX-20260521T000000Z-mig-R20260521002E8F95_R20260521-002ETF双池条件触发波动率风控.md","","2026-06-05T12:00:00Z","2026-06-05T12:00:00Z","旧库迁移记录，不能直接作为新库有效结论","按新库研究质量审计规范复核"
"EX-20260521T000000Z-mig-R2026052100335636","RD-20260605T115651Z-main-DP00","migrated_unverified","legacy_raw","R20260521-003 ETF双池目标ETF自身急跌风控","旧库机械迁移，待复核","configs/research/R20260521-003/","results/v2/research/R20260521-003/","04_实验记录\EX-20260521T000000Z-mig-R2026052100335636_R20260521-003ETF双池目标ETF自身急跌风控.md","","2026-06-05T12:00:00Z","2026-06-05T12:00:00Z","旧库迁移记录，不能直接作为新库有效结论","按新库研究质量审计规范复核"
"EX-20260521T000000Z-mig-R202605210046E43A","RD-20260605T115651Z-main-DP00","migrated_unverified","legacy_raw","R20260521-004 ETF双池自身急跌排序惩罚","旧库机械迁移，待复核","configs/research/R20260521-004/","results/v2/research/R20260521-004/","04_实验记录\EX-20260521T000000Z-mig-R202605210046E43A_R20260521-004ETF双池自身急跌排序惩罚.md","","2026-06-05T12:00:00Z","2026-06-05T12:00:00Z","旧库迁移记录，不能直接作为新库有效结论","按新库研究质量审计规范复核"
"EX-20260521T000000Z-mig-R20260521005BE7AC","RD-20260605T115651Z-main-DP00","migrated_unverified","legacy_raw","R20260521-005 ETF双池Top5绝对动量准入防守","旧库机械迁移，待复核","configs/research/R20260521-005/","results/v2/research/R20260521-005/","04_实验记录\EX-20260521T000000Z-mig-R20260521005BE7AC_R20260521-005ETF双池Top5绝对动量准入防守.md","","2026-06-05T12:00:00Z","2026-06-05T12:00:00Z","旧库迁移记录，不能直接作为新库有效结论","按新库研究质量审计规范复核"
"EX-20260521T000000Z-mig-R202605210069BE6D","RD-20260605T115651Z-main-DP00","migrated_unverified","legacy_raw","R20260521-006 ETF双池动量质量因子准入","旧库机械迁移，待复核","configs/research/R20260521-006/","results/v2/research/R20260521-006/","04_实验记录\EX-20260521T000000Z-mig-R202605210069BE6D_R20260521-006ETF双池动量质量因子准入.md","","2026-06-05T12:00:00Z","2026-06-05T12:00:00Z","旧库迁移记录，不能直接作为新库有效结论","按新库研究质量审计规范复核"
"EX-20260521T000000Z-mig-R20260521006GOV174B0","RD-20260605T115651Z-main-DP00","migrated_unverified","legacy_raw","I20260521-007 动量质量因子准入","旧库机械迁移，待复核","N/A","N/A","04_实验记录\EX-20260521T000000Z-mig-R20260521006GOV174B0_I20260521-007动量质量因子准入.md","","2026-06-05T12:00:00Z","2026-06-05T12:00:00Z","旧库迁移记录，不能直接作为新库有效结论","按新库研究质量审计规范复核"
"EX-20260521T000000Z-mig-R20260521007B9B96","RD-20260605T115651Z-main-DP00","migrated_unverified","legacy_raw","R20260521-007 平滑上涨参数稳定性与样本外验证","旧库机械迁移，待复核","configs/research/R20260521-007/","results/v2/research/R20260521-007/","04_实验记录\EX-20260521T000000Z-mig-R20260521007B9B96_R20260521-007平滑上涨参数稳定性与样本外验证.md","","2026-06-05T12:00:00Z","2026-06-05T12:00:00Z","旧库迁移记录，不能直接作为新库有效结论","按新库研究质量审计规范复核"
"EX-20260521T000000Z-mig-R20260521008A7A63","RD-20260605T115651Z-main-DP00","migrated_unverified","legacy_raw","R20260521-008 平滑上涨 w80/q045 多周期样本外验证","旧库机械迁移，待复核","configs/research/R20260521-008/","results/v2/research/R20260521-008/","04_实验记录\EX-20260521T000000Z-mig-R20260521008A7A63_R20260521-008平滑上涨w80q045多周期样本外验证.md","","2026-06-05T12:00:00Z","2026-06-05T12:00:00Z","旧库迁移记录，不能直接作为新库有效结论","按新库研究质量审计规范复核"
"EX-20260521T000000Z-mig-R20260521009CE522","RD-20260605T115651Z-main-DP00","migrated_unverified","legacy_raw","R20260521-009 平滑上涨软排序实验","旧库机械迁移，待复核","configs/research/R20260521-009/","results/v2/research/R20260521-009/","04_实验记录\EX-20260521T000000Z-mig-R20260521009CE522_R20260521-009平滑上涨软排序实验.md","","2026-06-05T12:00:00Z","2026-06-05T12:00:00Z","旧库迁移记录，不能直接作为新库有效结论","按新库研究质量审计规范复核"
"EX-20260522T000000Z-mig-R20260522010691E3","RD-20260605T115651Z-main-DP00","migrated_unverified","legacy_raw","R20260522-010 ETF双池轮动适用市场环境归因","旧库机械迁移，待复核","configs/research/R20260521-009/","results/v2/research/R20260521-009/","04_实验记录\EX-20260522T000000Z-mig-R20260522010691E3_R20260522-010ETF双池轮动适用市场环境归因.md","","2026-06-05T12:00:00Z","2026-06-05T12:00:00Z","旧库迁移记录，不能直接作为新库有效结论","按新库研究质量审计规范复核"
"EX-20260522T000000Z-mig-R202605220118C2A9","RD-20260605T115651Z-main-DP00","migrated_unverified","legacy_raw","R20260522-011 市场状态识别文献库与 R010 设计","旧库机械迁移，待复核","N/A","N/A","04_实验记录\EX-20260522T000000Z-mig-R202605220118C2A9_R20260522-011市场状态识别文献库与R010设计.md","","2026-06-05T12:00:00Z","2026-06-05T12:00:00Z","旧库迁移记录，不能直接作为新库有效结论","按新库研究质量审计规范复核"
"EX-20260522T000000Z-mig-R202605220127CB6E","RD-20260605T115651Z-main-DP00","migrated_unverified","legacy_raw","R20260522-012 市场状态识别方法库建设","旧库机械迁移，待复核","N/A","N/A","04_实验记录\EX-20260522T000000Z-mig-R202605220127CB6E_R20260522-012市场状态识别方法库建设.md","","2026-06-05T12:00:00Z","2026-06-05T12:00:00Z","旧库迁移记录，不能直接作为新库有效结论","按新库研究质量审计规范复核"
"EX-20260523T000000Z-mig-R202605230131EEE2","RD-20260605T115651Z-main-DP00","migrated_unverified","legacy_raw","R20260523-013 R010-A市场状态识别规格书与接口设计","旧库机械迁移，待复核","N/A","N/A","04_实验记录\EX-20260523T000000Z-mig-R202605230131EEE2_R20260523-013R010-A市场状态识别规格书与接口设计.md","","2026-06-05T12:00:00Z","2026-06-05T12:00:00Z","旧库迁移记录，不能直接作为新库有效结论","按新库研究质量审计规范复核"
"EX-20260529T000000Z-mig-R202605290143E871","RD-20260605T115651Z-main-DP00","migrated_unverified","legacy_raw","R20260529-014 ETF双池全向防阴跌模块初测","旧库机械迁移，待复核","configs/v2_migrate_etf_dual_pool_all_weather_bear_defense_20200101_20260519.json","results/v2/research/R20260529-ETF-bear-defense/","04_实验记录\EX-20260529T000000Z-mig-R202605290143E871_R20260529-014ETF双池全向防阴跌模块初测.md","","2026-06-05T12:00:00Z","2026-06-05T12:00:00Z","旧库迁移记录，不能直接作为新库有效结论","按新库研究质量审计规范复核"
"EX-20260530T000000Z-mig-R20260530015AD411","RD-20260605T115651Z-main-DP00","migrated_unverified","legacy_raw","R20260530-015 原策略阴跌v2二元KillSwitch复现 — KILL","旧库机械迁移，待复核","configs/research/R20260530-015/","results/v2/research/R20260530-015/","04_实验记录\EX-20260530T000000Z-mig-R20260530015AD411_R20260530-015原策略阴跌v2二元KillSwitch复现—KILL.md","","2026-06-05T12:00:00Z","2026-06-05T12:00:00Z","旧库迁移记录，不能直接作为新库有效结论","按新库研究质量审计规范复核"
"EX-20260530T000000Z-mig-R202605300163B929","RD-20260605T115651Z-main-DP00","migrated_unverified","legacy_raw","R20260530-016 R010-A 市场状态日志首轮实现","旧库机械迁移，待复核","configs/research/R010-A/","results/v2/research/R010-A/","04_实验记录\EX-20260530T000000Z-mig-R202605300163B929_R20260530-016R010-A市场状态日志首轮实现.md","","2026-06-05T12:00:00Z","2026-06-05T12:00:00Z","旧库迁移记录，不能直接作为新库有效结论","按新库研究质量审计规范复核"
"EX-20260530T000000Z-mig-R20260530017F49CB","RD-20260605T115651Z-main-DP00","migrated_unverified","legacy_raw","R20260530-017 ETF双池Top5绝对动量2022复核","旧库机械迁移，待复核","configs/research/R20260530-017/","results/v2/research/R20260530-017/","04_实验记录\EX-20260530T000000Z-mig-R20260530017F49CB_R20260530-017ETF双池Top5绝对动量2022复核.md","","2026-06-05T12:00:00Z","2026-06-05T12:00:00Z","旧库迁移记录，不能直接作为新库有效结论","按新库研究质量审计规范复核"
"EX-20260530T000000Z-mig-R20260530018AF185","RD-20260605T115651Z-main-DP00","migrated_unverified","legacy_raw","R20260530-018 ETF双池回撤归因与防守触发源分析","旧库机械迁移，待复核","configs/research/R20260530-015/","results/v2/research/R20260530-018/","04_实验记录\EX-20260530T000000Z-mig-R20260530018AF185_R20260530-018ETF双池回撤归因与防守触发源分析.md","","2026-06-05T12:00:00Z","2026-06-05T12:00:00Z","旧库迁移记录，不能直接作为新库有效结论","按新库研究质量审计规范复核"
"EX-20260530T000000Z-mig-R2026053001929DC0","RD-20260605T115651Z-main-DP00","migrated_unverified","legacy_raw","R20260530-019 ETF双池池内动量衰竭状态日志","旧库机械迁移，待复核","configs/research/R20260530-019/","results/v2/research/R20260530-019/","04_实验记录\EX-20260530T000000Z-mig-R2026053001929DC0_R20260530-019ETF双池池内动量衰竭状态日志.md","","2026-06-05T12:00:00Z","2026-06-05T12:00:00Z","旧库迁移记录，不能直接作为新库有效结论","按新库研究质量审计规范复核"
"EX-20260530T000000Z-mig-R20260530020B9CD4","RD-20260605T115651Z-main-DP00","migrated_unverified","legacy_raw","R20260530-020 R010B分级防守动作日志实现","旧库机械迁移，待复核","configs/research/R010-B/","results/v2/research/R010-B/split_action_log/merged/","04_实验记录\EX-20260530T000000Z-mig-R20260530020B9CD4_R20260530-020R010B分级防守动作日志实现.md","","2026-06-05T12:00:00Z","2026-06-05T12:00:00Z","旧库迁移记录，不能直接作为新库有效结论","按新库研究质量审计规范复核"
"EX-20260530T000000Z-mig-R20260530020A41379","RD-20260605T115651Z-main-DP00","migrated_unverified","legacy_raw","R010-B 分段恢复记录","旧库机械迁移，待复核","configs/research/R010-B/","results/v2/research/R010-B/","04_实验记录\EX-20260530T000000Z-mig-R20260530020A41379_R010-B分段恢复记录.md","","2026-06-05T12:00:00Z","2026-06-05T12:00:00Z","旧库迁移记录，不能直接作为新库有效结论","按新库研究质量审计规范复核"
"EX-20260530T000000Z-mig-R20260530021A0513","RD-20260605T115651Z-main-DP00","migrated_unverified","legacy_raw","R20260530-021 R010B1动作消融首轮实现","旧库机械迁移，待复核","configs/research/R010-B1/","results/v2/research/R010-B1/; results/v2/research/R010-B2/a2_env_gate_avg046_split_analysis/; results/v2/research/R010-B2/a2_slope_threshold_2024_compare/; results/v2/research/R010-B2/a2_slope004_split_compare/; results/v2/research/R010-B2/a2_relative_slope004_residual_analysis/; results/v2/research/R010-B2/a2_slope004_new_leader_confirmation_analysis/; results/v2/research/R010-B2/a2_second_level_gate_audit/; results/v2/research/R010-B2/a2_env_relative_slope004_strict_2024/; results/v2/research/R010-B2/a2_env_relative_slope005_2024/; results/v2/research/R010-B3/filter_shadow_a2_slope003_2024_audit/; results/v2/research/R010-B3/b3_drawdown_coverage_a2_slope004/; results/v2/research/R010-B3/b3_all_weak_overlay_a2_slope004/; results/v2/research/R010-B3/b3_all_weak_formal_2024_compare/; results/v2/research/R010-B3/all_weak_cap_split_analysis_preview/; results/v2/research/R010-B3/r026_confirmation_layer_preview/; results/v2/research/R010-B3/cap90_promotion_audit/; results/v2/research/R010-B3/combined_candidate_spec_audit/; results/v2/research/R010-B3/live_strategy_audit/; results/v2/research/R20260531-026/b3_cap90_missed_windows/; results/v2/research/R20260531-026/b3_cap90_strength_switch/; results/v2/research/R20260531-026/b3_strength_switch_harm/; results/v2/research/R010-B3/all_weak_persist_limited2_cap80_analysis/; results/v2/research/R010-B3/all_weak_persist_limited2_cap80_analysis/preregistered_gate_audit/; results/v2/research/R010-B3/all_weak_persist_limited2_gate_median_or_breadth_cap80_2024/; results/v2/research/R010-B3/all_weak_persist_limited2_gate_median_or_breadth_cap80_analysis/; results/v2/research/R010-B3/gate_candidate_config_audit/; results/v2/research/R010-B3/gate_live_mapping_audit/; results/v2/research/R010-B3/gate_live_observation/","04_实验记录\EX-20260530T000000Z-mig-R20260530021A0513_R20260530-021R010B1动作消融首轮实现.md","","2026-06-05T12:00:00Z","2026-06-05T12:00:00Z","旧库迁移记录，不能直接作为新库有效结论","按新库研究质量审计规范复核"
"EX-20260531T000000Z-mig-R20260531022FBCDE","RD-20260605T115651Z-main-DP00","migrated_unverified","legacy_raw","R20260531-022 R010C动作启动信号诊断与重构","旧库机械迁移，待复核","N/A","results/v2/research/R010-C/","04_实验记录\EX-20260531T000000Z-mig-R20260531022FBCDE_R20260531-022R010C动作启动信号诊断与重构.md","","2026-06-05T12:00:00Z","2026-06-05T12:00:00Z","旧库迁移记录，不能直接作为新库有效结论","按新库研究质量审计规范复核"
"EX-20260531T000000Z-mig-R20260531023034D3","RD-20260605T115651Z-main-DP00","migrated_unverified","legacy_raw","R20260531-023 R010C1 A0失速预警日志层首轮","旧库机械迁移，待复核","scripts/research/analyze_r010c1_a0_exhaustion_watch.py; scripts/research/analyze_r010c1_warning_lead_lag.py","results/v2/research/R010-C1/a0_exhaustion_watch_audit/; results/v2/research/R010-C1/warning_lead_lag_audit/","04_实验记录\EX-20260531T000000Z-mig-R20260531023034D3_R20260531-023R010C1A0失速预警日志层首轮.md","","2026-06-05T12:00:00Z","2026-06-05T12:00:00Z","旧库迁移记录，不能直接作为新库有效结论","按新库研究质量审计规范复核"
"EX-20260531T000000Z-mig-R202605310243C468","RD-20260605T115651Z-main-DP00","migrated_unverified","legacy_raw","R20260531-024 R010D A1风险层启动方式重估","旧库机械迁移，待复核","scripts/research/analyze_r010d_action_ablation_2024.py","results/v2/research/R010-D/action_ablation_2024_summary/","04_实验记录\EX-20260531T000000Z-mig-R202605310243C468_R20260531-024R010DA1风险层启动方式重估.md","","2026-06-05T12:00:00Z","2026-06-05T12:00:00Z","旧库迁移记录，不能直接作为新库有效结论","按新库研究质量审计规范复核"
"EX-20260531T000000Z-mig-R20260531025E9D88","RD-20260605T115651Z-main-DP00","migrated_unverified","legacy_raw","R20260531-025 R010E条件抗抖首轮","旧库机械迁移，待复核","configs/research/R010-E/","results/v2/research/R010-E/","04_实验记录\EX-20260531T000000Z-mig-R20260531025E9D88_R20260531-025R010E条件抗抖首轮.md","","2026-06-05T12:00:00Z","2026-06-05T12:00:00Z","旧库迁移记录，不能直接作为新库有效结论","按新库研究质量审计规范复核"
"EX-20260601T000000Z-mig-R20260601027BA5D5","RD-20260605T115651Z-main-DP00","migrated_unverified","legacy_raw","R20260601-027 R026B-light-cap90离线实验预注册","旧库机械迁移，待复核","configs/research/R20260601-027/","results/v2/research/R20260601-027/","04_实验记录\EX-20260601T000000Z-mig-R20260601027BA5D5_R20260601-027R026B-light-cap90离线实验预注册.md","","2026-06-05T12:00:00Z","2026-06-05T12:00:00Z","旧库迁移记录，不能直接作为新库有效结论","按新库研究质量审计规范复核"
"EX-20260601T000000Z-mig-R2026060102845A88","RD-20260605T115651Z-main-DP00","migrated_unverified","legacy_raw","R20260601-028 B3-gate误拦截Top1斜率放松预注册","旧库机械迁移，待复核","configs/research/R20260601-028/","results/v2/research/R20260601-028/","04_实验记录\EX-20260601T000000Z-mig-R2026060102845A88_R20260601-028B3-gate误拦截Top1斜率放松预注册.md","","2026-06-05T12:00:00Z","2026-06-05T12:00:00Z","旧库迁移记录，不能直接作为新库有效结论","按新库研究质量审计规范复核"
"EX-20260601T000000Z-mig-R20260601028R010B405D28","RD-20260605T115651Z-main-DP00","migrated_unverified","legacy_raw","R20260601-028 R010B4 B3Gate强度分层研究","旧库机械迁移，待复核","configs/research/R010-B4/","results/v2/research/R010-B4/","04_实验记录\EX-20260601T000000Z-mig-R20260601028R010B405D28_R20260601-028R010B4B3Gate强度分层研究.md","","2026-06-05T12:00:00Z","2026-06-05T12:00:00Z","旧库迁移记录，不能直接作为新库有效结论","按新库研究质量审计规范复核"
"EX-20260601T000000Z-mig-R20260601029R010B4TIEREDBD1A7","RD-20260605T115651Z-main-DP00","migrated_unverified","legacy_raw","R20260601-029 R010B4 B3Gate强度分层TieredV2预注册","旧库机械迁移，待复核","configs/research/R010-B4/","results/v2/research/R010-B4/tiered_v2_split_summary/","04_实验记录\EX-20260601T000000Z-mig-R20260601029R010B4TIEREDBD1A7_R20260601-029R010B4B3Gate强度分层TieredV2预注册.md","","2026-06-05T12:00:00Z","2026-06-05T12:00:00Z","旧库迁移记录，不能直接作为新库有效结论","按新库研究质量审计规范复核"
"EX-20260602T000000Z-mig-R20260602030R020A2021GAPEE638","RD-20260605T115651Z-main-DP00","migrated_unverified","legacy_raw","R20260602-030 R020A 2021慢性失速只读标签审计","旧库机械迁移，待复核","N/A","results/v2/research/R020/2021_gap_watch_label_audit/","04_实验记录\EX-20260602T000000Z-mig-R20260602030R020A2021GAPEE638_R20260602-030R020A2021慢性失速只读标签审计.md","","2026-06-05T12:00:00Z","2026-06-05T12:00:00Z","旧库迁移记录，不能直接作为新库有效结论","按新库研究质量审计规范复核"
"EX-20260602T000000Z-mig-R20260602031R020AWATCHLA58A1D","RD-20260605T115651Z-main-DP00","migrated_unverified","legacy_raw","R20260602-031 R020A 只读标签独立窗口外推审计","旧库机械迁移，待复核","N/A","results/v2/research/R020/2021_gap_watch_label_oos_windows/","04_实验记录\EX-20260602T000000Z-mig-R20260602031R020AWATCHLA58A1D_R20260602-031R020A只读标签独立窗口外推审计.md","","2026-06-05T12:00:00Z","2026-06-05T12:00:00Z","旧库迁移记录，不能直接作为新库有效结论","按新库研究质量审计规范复核"
"EX-20260602T000000Z-mig-R20260602032R020BSINGLEL341C9","RD-20260605T115651Z-main-DP00","migrated_unverified","legacy_raw","R20260602-032 R020B 单项只读标签拆解与触发器边界","旧库机械迁移，待复核","N/A","results/v2/research/R020/single_label_decomposition/","04_实验记录\EX-20260602T000000Z-mig-R20260602032R020BSINGLEL341C9_R20260602-032R020B单项只读标签拆解与触发器边界.md","","2026-06-05T12:00:00Z","2026-06-05T12:00:00Z","旧库迁移记录，不能直接作为新库有效结论","按新库研究质量审计规范复核"
"EX-20260602T000000Z-mig-R20260602033R010B2A2SECO816D2","RD-20260605T115651Z-main-DP00","migrated_unverified","legacy_raw","R20260602-033 R010B2 A2二级观察门控稳定性复核","旧库机械迁移，待复核","N/A","results/v2/research/R010-B2/a2_second_level_gate_stability_audit/","04_实验记录\EX-20260602T000000Z-mig-R20260602033R010B2A2SECO816D2_R20260602-033R010B2A2二级观察门控稳定性复核.md","","2026-06-05T12:00:00Z","2026-06-05T12:00:00Z","旧库迁移记录，不能直接作为新库有效结论","按新库研究质量审计规范复核"
"EX-20260602T000000Z-mig-R20260602034M001MULTISTR23132","RD-20260605T115651Z-main-DP00","migrated_unverified","legacy_raw","R20260602-034 M001 多策略状态归因输入清单审计","旧库机械迁移，待复核","N/A","results/v2/research/MULTI-STATE-ATTRIBUTION/input_inventory/","04_实验记录\EX-20260602T000000Z-mig-R20260602034M001MULTISTR23132_R20260602-034M001多策略状态归因输入清单审计.md","","2026-06-05T12:00:00Z","2026-06-05T12:00:00Z","旧库迁移记录，不能直接作为新库有效结论","按新库研究质量审计规范复核"
"EX-20260602T000000Z-mig-R20260602035M002ETFFAMILC9A62","RD-20260605T115651Z-main-DP00","migrated_unverified","legacy_raw","R20260602-035 M002 ETF族状态归因首轮","旧库机械迁移，待复核","N/A","results/v2/research/MULTI-STATE-ATTRIBUTION/etf_family_state_attribution/","04_实验记录\EX-20260602T000000Z-mig-R20260602035M002ETFFAMILC9A62_R20260602-035M002ETF族状态归因首轮.md","","2026-06-05T12:00:00Z","2026-06-05T12:00:00Z","旧库迁移记录，不能直接作为新库有效结论","按新库研究质量审计规范复核"
"EX-20260602T000000Z-mig-R20260602036M003NONETFEQ9CBB6","RD-20260605T115651Z-main-DP00","migrated_unverified","legacy_raw","R20260602-036 M003 非ETF可比净值候选发现审计","旧库机械迁移，待复核","N/A","results/v2/research/MULTI-STATE-ATTRIBUTION/non_etf_equity_discovery/","04_实验记录\EX-20260602T000000Z-mig-R20260602036M003NONETFEQ9CBB6_R20260602-036M003非ETF可比净值候选发现审计.md","","2026-06-05T12:00:00Z","2026-06-05T12:00:00Z","旧库迁移记录，不能直接作为新库有效结论","按新库研究质量审计规范复核"
"EX-20260602T000000Z-mig-R20260602037M004NONETFFUAE5C7","RD-20260605T115651Z-main-DP00","migrated_unverified","legacy_raw","R20260602-037 M004 非ETF全周期基准净值补齐预注册","旧库机械迁移，待复核","configs/research/M004-non-etf-baselines/","results/v2/research/MULTI-STATE-ATTRIBUTION/non_etf_full_cycle_baselines/","04_实验记录\EX-20260602T000000Z-mig-R20260602037M004NONETFFUAE5C7_R20260602-037M004非ETF全周期基准净值补齐预注册.md","","2026-06-05T12:00:00Z","2026-06-05T12:00:00Z","旧库迁移记录，不能直接作为新库有效结论","按新库研究质量审计规范复核"
"EX-20260602T000000Z-mig-R20260602038M004SMALLCAPBA40D","RD-20260605T115651Z-main-DP00","migrated_unverified","legacy_raw","R20260602-038 M004 小市值四段长测预注册","旧库机械迁移，待复核","configs/research/M004-non-etf-baselines/split/","results/v2/research/MULTI-STATE-ATTRIBUTION/non_etf_full_cycle_baselines/small_cap_t0_split/","04_实验记录\EX-20260602T000000Z-mig-R20260602038M004SMALLCAPBA40D_R20260602-038M004小市值四段长测预注册.md","","2026-06-05T12:00:00Z","2026-06-05T12:00:00Z","旧库迁移记录，不能直接作为新库有效结论","按新库研究质量审计规范复核"
"EX-20260602T000000Z-mig-R20260602039M004SMALLCAP49B5A","RD-20260605T115651Z-main-DP00","migrated_unverified","legacy_raw","R20260602-039 M004 小市值状态归因预注册","旧库机械迁移，待复核","N/A","results/v2/research/MULTI-STATE-ATTRIBUTION/small_cap_state_attribution/","04_实验记录\EX-20260602T000000Z-mig-R20260602039M004SMALLCAP49B5A_R20260602-039M004小市值状态归因预注册.md","","2026-06-05T12:00:00Z","2026-06-05T12:00:00Z","旧库迁移记录，不能直接作为新库有效结论","按新库研究质量审计规范复核"
"EX-20260602T000000Z-mig-R20260602040M005SMALLCAP06C5C","RD-20260605T115651Z-main-DP00","migrated_unverified","legacy_raw","R20260602-040 M005 小盘专用状态标签预注册","旧库机械迁移，待复核","N/A","results/v2/research/MULTI-STATE-ATTRIBUTION/small_cap_specific_state_labels/","04_实验记录\EX-20260602T000000Z-mig-R20260602040M005SMALLCAP06C5C_R20260602-040M005小盘专用状态标签预注册.md","","2026-06-05T12:00:00Z","2026-06-05T12:00:00Z","旧库迁移记录，不能直接作为新库有效结论","按新库研究质量审计规范复核"
"EX-20260602T000000Z-mig-R20260602041M006SMALLCAP55C41","RD-20260605T115651Z-main-DP00","migrated_unverified","legacy_raw","R20260602-041 M006 小盘 SchemaOnly 指标只读覆盖率审计预注册与首轮完成","旧库机械迁移，待复核","N/A","results/v2/research/MULTI-STATE-ATTRIBUTION/small_cap_schema_only_coverage_audit/","04_实验记录\EX-20260602T000000Z-mig-R20260602041M006SMALLCAP55C41_R20260602-041M006小盘SchemaOnly指标只读覆盖率审计预注册与首轮完成.md","","2026-06-05T12:00:00Z","2026-06-05T12:00:00Z","旧库迁移记录，不能直接作为新库有效结论","按新库研究质量审计规范复核"
"EX-20260602T000000Z-mig-R20260602042M007SMALLCAP316A0","RD-20260605T115651Z-main-DP00","migrated_unverified","legacy_raw","R20260602-042 M007 小盘专用状态标签构造与 R039 面板归因预注册","旧库机械迁移，待复核","N/A","results/v2/research/MULTI-STATE-ATTRIBUTION/small_cap_label_panel_attribution/","04_实验记录\EX-20260602T000000Z-mig-R20260602042M007SMALLCAP316A0_R20260602-042M007小盘专用状态标签构造与R039面板归因预注册.md","","2026-06-05T12:00:00Z","2026-06-05T12:00:00Z","旧库迁移记录，不能直接作为新库有效结论","按新库研究质量审计规范复核"
"EX-20260602T000000Z-mig-R20260602043R010B579B9A","RD-20260605T115651Z-main-DP00","migrated_unverified","legacy_raw","R20260602-043 R010B5 组合回撤预算动态缩放预注册与代理审计","旧库机械迁移，待复核","configs/research/R010-B5/r010b5_drawdown_budget_overlay_proxy_v1.json","results/v2/research/R010-B5/drawdown_budget_overlay_proxy_v1/","04_实验记录\EX-20260602T000000Z-mig-R20260602043R010B579B9A_R20260602-043R010B5组合回撤预算动态缩放预注册与代理审计.md","","2026-06-05T12:00:00Z","2026-06-05T12:00:00Z","旧库迁移记录，不能直接作为新库有效结论","按新库研究质量审计规范复核"
"EX-20260602T000000Z-mig-R20260602044R010B5R1F6278","RD-20260605T115651Z-main-DP00","migrated_unverified","legacy_raw","R20260602-044 R010B5R1 非线性组合回撤预算预注册与代理审计","旧库机械迁移，待复核","configs/research/R010-B5/r010b5_nonlinear_drawdown_overlay_proxy_v1.json","results/v2/research/R010-B5/nonlinear_drawdown_overlay_proxy_v1/","04_实验记录\EX-20260602T000000Z-mig-R20260602044R010B5R1F6278_R20260602-044R010B5R1非线性组合回撤预算预注册与代理审计.md","","2026-06-05T12:00:00Z","2026-06-05T12:00:00Z","旧库迁移记录，不能直接作为新库有效结论","按新库研究质量审计规范复核"
"EX-20260602T000000Z-mig-R20260602045R010B5R2EA305","RD-20260605T115651Z-main-DP00","migrated_unverified","legacy_raw","R20260602-045 R010B5R2 非线性回撤预算真实路径2024 Smoke","旧库机械迁移，待复核","configs/research/R010-B5/","results/v2/research/R010-B5/r010b5r2_true_path_four_segment/","04_实验记录\EX-20260602T000000Z-mig-R20260602045R010B5R2EA305_R20260602-045R010B5R2非线性回撤预算真实路径2024Smoke.md","","2026-06-05T12:00:00Z","2026-06-05T12:00:00Z","旧库迁移记录，不能直接作为新库有效结论","按新库研究质量审计规范复核"
"EX-20260602T000000Z-mig-R20260602046R010B5R37ED93","RD-20260605T115651Z-main-DP00","migrated_unverified","legacy_raw","R20260602-046 R010B5R3 非线性回撤预算参数敏感性与成本扰动预注册","旧库机械迁移，待复核","configs/research/R010-B5/r010b5r3_*.json","results/v2/research/R010-B5/","04_实验记录\EX-20260602T000000Z-mig-R20260602046R010B5R37ED93_R20260602-046R010B5R3非线性回撤预算参数敏感性与成本扰动预注册.md","","2026-06-05T12:00:00Z","2026-06-05T12:00:00Z","旧库迁移记录，不能直接作为新库有效结论","按新库研究质量审计规范复核"
"EX-20260602T000000Z-mig-R20260602047R010B5R4B8F95","RD-20260605T115651Z-main-DP00","migrated_unverified","legacy_raw","R20260602-047 R010B5R4 非线性回撤预算默认关闭影子观察预注册","旧库机械迁移，待复核","configs/research/R010-B5/r010b5r4_shadow_observation_*.json","results/v2/research/R010-B5/r010b5r4_shadow_four_segment_*/","04_实验记录\EX-20260602T000000Z-mig-R20260602047R010B5R4B8F95_R20260602-047R010B5R4非线性回撤预算默认关闭影子观察预注册.md","","2026-06-05T12:00:00Z","2026-06-05T12:00:00Z","旧库迁移记录，不能直接作为新库有效结论","按新库研究质量审计规范复核"
"EX-20260603T000000Z-mig-R20260603048R010B5R514C00","RD-20260605T115651Z-main-DP00","migrated_unverified","legacy_raw","R20260603-048 R010B5R5 非线性回撤预算严格Counterfactual预注册","旧库机械迁移，待复核","不新增回测配置","results/v2/research/R010-B5/r010b5r5_counterfactual_event_audit/","04_实验记录\EX-20260603T000000Z-mig-R20260603048R010B5R514C00_R20260603-048R010B5R5非线性回撤预算严格Counterfactual预注册.md","","2026-06-05T12:00:00Z","2026-06-05T12:00:00Z","旧库迁移记录，不能直接作为新库有效结论","按新库研究质量审计规范复核"
"EX-20260603T000000Z-mig-R20260603049R010B5R5R161773","RD-20260605T115651Z-main-DP00","migrated_unverified","legacy_raw","R20260603-049 R010B5R5R1 非线性回撤预算失败归因与公式修订预注册","旧库机械迁移，待复核","不新增回测配置","results/v2/research/R010-B5/r010b5r5r1_strict_counterfactual_review/","04_实验记录\EX-20260603T000000Z-mig-R20260603049R010B5R5R161773_R20260603-049R010B5R5R1非线性回撤预算失败归因与公式修订预注册.md","","2026-06-05T12:00:00Z","2026-06-05T12:00:00Z","旧库迁移记录，不能直接作为新库有效结论","按新库研究质量审计规范复核"
"EX-20260603T000000Z-mig-R20260603050R010B5R5R253641","RD-20260605T115651Z-main-DP00","migrated_unverified","legacy_raw","R20260603-050 R010B5R5R2 事件环境字段日志补全预注册","旧库机械迁移，待复核","不新增回测配置","results/v2/research/R010-B5/r010b5r5r2_env_log_smoke_2024/","04_实验记录\EX-20260603T000000Z-mig-R20260603050R010B5R5R253641_R20260603-050R010B5R5R2事件环境字段日志补全预注册.md","","2026-06-05T12:00:00Z","2026-06-05T12:00:00Z","旧库迁移记录，不能直接作为新库有效结论","按新库研究质量审计规范复核"
"EX-20260603T000000Z-mig-R20260603051R010B5R5R22B6B7","RD-20260605T115651Z-main-DP00","migrated_unverified","legacy_raw","R20260603-051 R010B5R5R2 新 Shadow 样本复核与环境归因","旧库机械迁移，待复核","configs/research/R010-B5/r010b5r4_shadow_observation_*.json","results/v2/research/R010-B5/r010b5r5r2_shadow_observation_*/","04_实验记录\EX-20260603T000000Z-mig-R20260603051R010B5R5R22B6B7_R20260603-051R010B5R5R2新Shadow样本复核与环境归因.md","","2026-06-05T12:00:00Z","2026-06-05T12:00:00Z","旧库迁移记录，不能直接作为新库有效结论","按新库研究质量审计规范复核"
"EX-20260603T000000Z-mig-R20260603052ACB6B","RD-20260605T115651Z-main-DP00","migrated_unverified","legacy_raw","R20260603-052 R010B5R5R3 低MedianRet条件预注册与只读复核","旧库机械迁移，待复核","N/A","results/v2/research/R010-B5/r010b5r5r3_low_median_ret_strict_review/","04_实验记录\EX-20260603T000000Z-mig-R20260603052ACB6B_R20260603-052R010B5R5R3低MedianRet条件预注册与只读复核.md","","2026-06-05T12:00:00Z","2026-06-05T12:00:00Z","旧库迁移记录，不能直接作为新库有效结论","按新库研究质量审计规范复核"
"EX-20260603T000000Z-mig-R202606030533457F","RD-20260605T115651Z-main-DP00","migrated_unverified","legacy_raw","R20260603-053 R010B5R5R4 低MedianRet现有结果交叉复核与新增样本外预注册","旧库机械迁移，待复核","N/A","results/v2/research/R010-B5/r010b5r5r4_existing_result_crosscheck/","04_实验记录\EX-20260603T000000Z-mig-R202606030533457F_R20260603-053R010B5R5R4低MedianRet现有结果交叉复核与新增样本外预注册.md","","2026-06-05T12:00:00Z","2026-06-05T12:00:00Z","旧库迁移记录，不能直接作为新库有效结论","按新库研究质量审计规范复核"
"EX-20260603T000000Z-mig-R2026060305476DDA","RD-20260605T115651Z-main-DP00","migrated_unverified","legacy_raw","R20260603-054 R010B5S1 非线性仓位公式组件映射与证伪路线预注册","旧库机械迁移，待复核","N/A","results/v2/research/R010-B5/r010b5s1_formula_component_map/","04_实验记录\EX-20260603T000000Z-mig-R2026060305476DDA_R20260603-054R010B5S1非线性仓位公式组件映射与证伪路线预注册.md","","2026-06-05T12:00:00Z","2026-06-05T12:00:00Z","旧库迁移记录，不能直接作为新库有效结论","按新库研究质量审计规范复核"
"EX-20260603T000000Z-mig-R202606030554B305","RD-20260605T115651Z-main-DP00","migrated_unverified","legacy_raw","R20260603-055 R010B5S2 波动率项与资金曲线状态组件级只读审计预注册","旧库机械迁移，待复核","N/A","results/v2/research/R010-B5/r010b5s2_component_readonly_audit/","04_实验记录\EX-20260603T000000Z-mig-R202606030554B305_R20260603-055R010B5S2波动率项与资金曲线状态组件级只读审计预注册.md","","2026-06-05T12:00:00Z","2026-06-05T12:00:00Z","旧库迁移记录，不能直接作为新库有效结论","按新库研究质量审计规范复核"
"EX-20260603T000000Z-mig-R20260603056F80E0","RD-20260605T115651Z-main-DP00","migrated_unverified","legacy_raw","R20260603-056 R010B5S3 波动率状态与资金曲线修复组件诊断预注册","旧库机械迁移，待复核","N/A","results/v2/research/R010-B5/r010b5s3_component_diagnostics/","04_实验记录\EX-20260603T000000Z-mig-R20260603056F80E0_R20260603-056R010B5S3波动率状态与资金曲线修复组件诊断预注册.md","","2026-06-05T12:00:00Z","2026-06-05T12:00:00Z","旧库迁移记录，不能直接作为新库有效结论","按新库研究质量审计规范复核"
"EX-20260603T000000Z-mig-R20260603057D782D","RD-20260605T115651Z-main-DP00","migrated_unverified","legacy_raw","R20260603-057 R010B5S4 滚动波动率中位参考分组前向样本可用性审计","旧库机械迁移，待复核","N/A","results/v2/research/R010-B5/r010b5s4_forward_sample_readiness/","04_实验记录\EX-20260603T000000Z-mig-R20260603057D782D_R20260603-057R010B5S4滚动波动率中位参考分组前向样本可用性审计.md","","2026-06-05T12:00:00Z","2026-06-05T12:00:00Z","旧库迁移记录，不能直接作为新库有效结论","按新库研究质量审计规范复核"
"EX-20260604T000000Z-mig-R202606040588511A","RD-20260605T115651Z-main-DP00","migrated_unverified","legacy_raw","R20260604-058 R010A4 进攻端状态门控平滑软排序实验","旧库机械迁移，待复核","configs/research/R010-A4/r010a4_offense_soft_rank/","results/v2/research/R010-A4/r010a4_offense_soft_rank/","04_实验记录\EX-20260604T000000Z-mig-R202606040588511A_R20260604-058R010A4进攻端状态门控平滑软排序实验.md","","2026-06-05T12:00:00Z","2026-06-05T12:00:00Z","旧库迁移记录，不能直接作为新库有效结论","按新库研究质量审计规范复核"
"EX-20260604T000000Z-mig-R202606040597F143","RD-20260605T115651Z-main-DP00","migrated_unverified","legacy_raw","R20260604-059 R010A4 进攻软排序字段与实现可用性审计","旧库机械迁移，待复核","N/A","N/A","04_实验记录\EX-20260604T000000Z-mig-R202606040597F143_R20260604-059R010A4进攻软排序字段与实现可用性审计.md","","2026-06-05T12:00:00Z","2026-06-05T12:00:00Z","旧库迁移记录，不能直接作为新库有效结论","按新库研究质量审计规范复核"
"EX-20260604T000000Z-mig-R20260604060DB364","RD-20260605T115651Z-main-DP00","migrated_unverified","legacy_raw","R20260604-060 R010A4R1 进攻软排序默认关闭实现审计","旧库机械迁移，待复核","configs/research/R010-A4/r010a4_offense_soft_rank/","results/v2/research/R010-A4/r010a4_offense_soft_rank/implementation_audit/","04_实验记录\EX-20260604T000000Z-mig-R20260604060DB364_R20260604-060R010A4R1进攻软排序默认关闭实现审计.md","","2026-06-05T12:00:00Z","2026-06-05T12:00:00Z","旧库迁移记录，不能直接作为新库有效结论","按新库研究质量审计规范复核"
"EX-20260604T000000Z-mig-R202606040610B5CB","RD-20260605T115651Z-main-DP00","migrated_unverified","legacy_raw","R20260604-061 R010A4S2 进攻软排序2024Smoke行为审计","旧库机械迁移，待复核","configs/research/R010-A4/r010a4_offense_soft_rank/","results/v2/research/R010-A4/r010a4_offense_soft_rank/smoke_2024_audit/","04_实验记录\EX-20260604T000000Z-mig-R202606040610B5CB_R20260604-061R010A4S2进攻软排序2024Smoke行为审计.md","","2026-06-05T12:00:00Z","2026-06-05T12:00:00Z","旧库迁移记录，不能直接作为新库有效结论","按新库研究质量审计规范复核"
"EX-20260604T000000Z-mig-R20260604062E3353","RD-20260605T115651Z-main-DP00","migrated_unverified","legacy_raw","R20260604-062 R010A4S3 进攻软排序近失效归因","旧库机械迁移，待复核","configs/research/R010-A4/r010a4_offense_soft_rank/","results/v2/research/R010-A4/r010a4_offense_soft_rank/near_miss_s3_audit/","04_实验记录\EX-20260604T000000Z-mig-R20260604062E3353_R20260604-062R010A4S3进攻软排序近失效归因.md","","2026-06-05T12:00:00Z","2026-06-05T12:00:00Z","旧库迁移记录，不能直接作为新库有效结论","按新库研究质量审计规范复核"
"EX-20260604T000000Z-mig-R20260604063D3D73","RD-20260605T115651Z-main-DP00","migrated_unverified","legacy_raw","R20260604-063 R010A4S4 Top1替换质量标签只读发现","旧库机械迁移，待复核","configs/research/R010-A4/r010a4_offense_soft_rank/","results/v2/research/R010-A4/r010a4_offense_soft_rank/quality_label_s4_discovery/","04_实验记录\EX-20260604T000000Z-mig-R20260604063D3D73_R20260604-063R010A4S4Top1替换质量标签只读发现.md","","2026-06-05T12:00:00Z","2026-06-05T12:00:00Z","旧库迁移记录，不能直接作为新库有效结论","按新库研究质量审计规范复核"
"EX-20260604T000000Z-mig-R20260604064A93C5","RD-20260605T115651Z-main-DP00","migrated_unverified","legacy_raw","R20260604-064 R010A4S5 Top1近端衰竭替换2024Smoke审计","旧库机械迁移，待复核","configs/research/R010-A4/r010a4_offense_soft_rank/config_2024_s5_top1_fast_weak_no_rank_quality.json","results/v2/research/R010-A4/r010a4_offense_soft_rank/s5_top1_fast_weak_2024/0c244c54989246f3a80aa237faeb855b/","04_实验记录\EX-20260604T000000Z-mig-R20260604064A93C5_R20260604-064R010A4S5Top1近端衰竭替换2024Smoke审计.md","","2026-06-05T12:00:00Z","2026-06-05T12:00:00Z","旧库迁移记录，不能直接作为新库有效结论","按新库研究质量审计规范复核"
"EX-20260604T000000Z-mig-R202606040650312D","RD-20260605T115651Z-main-DP00","migrated_unverified","legacy_raw","R20260604-065 R010A4S5 OOS默认关闭验证","旧库机械迁移，待复核","configs/research/R010-A4/r010a4_offense_soft_rank/config_oos_*.json","results/v2/research/R010-A4/r010a4_offense_soft_rank/oos_*","04_实验记录\EX-20260604T000000Z-mig-R202606040650312D_R20260604-065R010A4S5OOS默认关闭验证.md","","2026-06-05T12:00:00Z","2026-06-05T12:00:00Z","旧库迁移记录，不能直接作为新库有效结论","按新库研究质量审计规范复核"
"EX-20260604T000000Z-mig-R202606040660711D","RD-20260605T115651Z-main-DP00","migrated_unverified","legacy_raw","R20260604-066 R010A4S6 S5失败归因只读审计","旧库机械迁移，待复核","configs/research/R010-A4/r010a4_offense_soft_rank/config_2024_s5_top1_fast_weak_no_rank_quality.json; configs/research/R010-A4/r010a4_offense_soft_rank/config_oos_*.json","results/v2/research/R010-A4/r010a4_offense_soft_rank/s6_failure_attribution/","04_实验记录\EX-20260604T000000Z-mig-R202606040660711D_R20260604-066R010A4S6S5失败归因只读审计.md","","2026-06-05T12:00:00Z","2026-06-05T12:00:00Z","旧库迁移记录，不能直接作为新库有效结论","按新库研究质量审计规范复核"
"EX-20260604T000000Z-mig-R2026060406780AD6","RD-20260605T115651Z-main-DP00","migrated_unverified","legacy_raw","R20260604-067 R010A5 A2换仓失败归因只读审计","旧库机械迁移，待复核","configs/research/R010-B2/r010b2_a2_slope004_latest_variant_run_map.json","results/v2/research/R010-A5/a2_failure_attribution/","04_实验记录\EX-20260604T000000Z-mig-R2026060406780AD6_R20260604-067R010A5A2换仓失败归因只读审计.md","","2026-06-05T12:00:00Z","2026-06-05T12:00:00Z","旧库迁移记录，不能直接作为新库有效结论","按新库研究质量审计规范复核"
"EX-20260604T000000Z-mig-R202606040685CEBD","RD-20260605T115651Z-main-DP00","migrated_unverified","legacy_raw","R20260604-068 R010A6 过滤层稀薄防抖2024Smoke否决","旧库机械迁移，待复核","configs/research/R010-A6/filter_thin_antichurn/","results/v2/research/R010-A6/filter_thin_antichurn/","04_实验记录\EX-20260604T000000Z-mig-R202606040685CEBD_R20260604-068R010A6过滤层稀薄防抖2024Smoke否决.md","","2026-06-05T12:00:00Z","2026-06-05T12:00:00Z","旧库迁移记录，不能直接作为新库有效结论","按新库研究质量审计规范复核"
"EX-20260604T000000Z-mig-R2026060406878BFA","RD-20260605T115651Z-main-DP00","migrated_unverified","legacy_raw","R20260604-068 日内成交头重脚轻假设只读验证预注册","旧库机械迁移，待复核","N/A","results/v2/research/INTRADAY-EXECUTION/R20260604-068_intraday_head_heavy_shape/","04_实验记录\EX-20260604T000000Z-mig-R2026060406878BFA_R20260604-068日内成交头重脚轻假设只读验证预注册.md","","2026-06-05T12:00:00Z","2026-06-05T12:00:00Z","旧库迁移记录，不能直接作为新库有效结论","按新库研究质量审计规范复核"
"EX-20260604T000000Z-mig-R2026060406931791","RD-20260605T115651Z-main-DP00","migrated_unverified","legacy_raw","R20260604-069 执行窗口 VWAP 容量冲击反事实预注册","旧库机械迁移，待复核","N/A","results/v2/research/INTRADAY-EXECUTION/R20260604-069_execution_window_counterfactual/","04_实验记录\EX-20260604T000000Z-mig-R2026060406931791_R20260604-069执行窗口VWAP容量冲击反事实预注册.md","","2026-06-05T12:00:00Z","2026-06-05T12:00:00Z","旧库迁移记录，不能直接作为新库有效结论","按新库研究质量审计规范复核"
"EX-20260604T000000Z-mig-R20260604070EA2A6","RD-20260605T115651Z-main-DP00","migrated_unverified","legacy_raw","R20260604-070 ETF专项执行窗口分层只读分析","旧库机械迁移，待复核","N/A","results/v2/research/INTRADAY-EXECUTION/R20260604-070_etf_execution_window_specialization/","04_实验记录\EX-20260604T000000Z-mig-R20260604070EA2A6_R20260604-070ETF专项执行窗口分层只读分析.md","","2026-06-05T12:00:00Z","2026-06-05T12:00:00Z","旧库迁移记录，不能直接作为新库有效结论","按新库研究质量审计规范复核"
"EX-20260604T000000Z-mig-R20260604071C7EC3","RD-20260605T115651Z-main-DP00","migrated_unverified","legacy_raw","R20260604-071 ETF双池买卖时机独立反事实预注册","旧库机械迁移，待复核","N/A","results/v2/research/INTRADAY-EXECUTION/R20260604-071_etf_dual_pool_trade_timing/","04_实验记录\EX-20260604T000000Z-mig-R20260604071C7EC3_R20260604-071ETF双池买卖时机独立反事实预注册.md","","2026-06-05T12:00:00Z","2026-06-05T12:00:00Z","旧库迁移记录，不能直接作为新库有效结论","按新库研究质量审计规范复核"
"EX-20260604T000000Z-mig-R20260604072DE8A7","RD-20260605T115651Z-main-DP00","migrated_unverified","legacy_raw","R20260604-072 ETF双池 13:09/13:10 时点机制归因预注册","旧库机械迁移，待复核","N/A","results/v2/research/INTRADAY-EXECUTION/R20260604-072_etf_dual_pool_timepoint_mechanism/","04_实验记录\EX-20260604T000000Z-mig-R20260604072DE8A7_R20260604-072ETF双池13091310时点机制归因预注册.md","","2026-06-05T12:00:00Z","2026-06-05T12:00:00Z","旧库迁移记录，不能直接作为新库有效结论","按新库研究质量审计规范复核"
"EX-20260604T000000Z-mig-R20260604073F111B","RD-20260605T115651Z-main-DP00","migrated_unverified","legacy_raw","R20260604-073 R010A6S3 保持旧仓失败触发簇只读归因","旧库机械迁移，待复核","N/A","results/v2/research/R010-A6/filter_thin_antichurn/s3_failure_attribution_2024/","04_实验记录\EX-20260604T000000Z-mig-R20260604073F111B_R20260604-073R010A6S3保持旧仓失败触发簇只读归因.md","","2026-06-05T12:00:00Z","2026-06-05T12:00:00Z","旧库迁移记录，不能直接作为新库有效结论","按新库研究质量审计规范复核"
"EX-20260604T000000Z-mig-R2026060407497F21","RD-20260605T115651Z-main-DP00","migrated_unverified","legacy_raw","R20260604-074 R010A7 过滤层稀薄替代目标只读验证","旧库机械迁移，待复核","N/A","results/v2/research/R010-A7/alternative_target_readonly_2024/; results/v2/research/R010-A7/filter_all_weak_top2_multisegment_readonly/","04_实验记录\EX-20260604T000000Z-mig-R2026060407497F21_R20260604-074R010A7过滤层稀薄替代目标只读验证.md","","2026-06-05T12:00:00Z","2026-06-05T12:00:00Z","旧库迁移记录，不能直接作为新库有效结论","按新库研究质量审计规范复核"
"EX-20260604T000000Z-mig-R20260604075E9A24","RD-20260605T115651Z-main-DP00","migrated_unverified","legacy_raw","R20260604-075 R010A8 过滤层稀薄状态分层只读发现","旧库机械迁移，待复核","N/A","results/v2/research/R010-A8/filter_all_weak_state_stratification_readonly/","04_实验记录\EX-20260604T000000Z-mig-R20260604075E9A24_R20260604-075R010A8过滤层稀薄状态分层只读发现.md","","2026-06-05T12:00:00Z","2026-06-05T12:00:00Z","旧库迁移记录，不能直接作为新库有效结论","按新库研究质量审计规范复核"
"EX-20260605T000000Z-mig-R2026060507681C94","RD-20260605T115651Z-main-DP00","migrated_unverified","legacy_raw","R20260605-076 R010A9 过滤层稀薄 Top3 替代真实路径多段验证","旧库机械迁移，待复核","E:/量化平台_V1.4.0/configs/research/R010-A9/filter_thin_top3_replace/","E:/量化平台_V1.4.0/results/v2/research/R010-A9/filter_thin_top3_replace/","04_实验记录\EX-20260605T000000Z-mig-R2026060507681C94_R20260605-076R010A9过滤层稀薄Top3替代真实路径多段验证.md","","2026-06-05T12:00:00Z","2026-06-05T12:00:00Z","旧库迁移记录，不能直接作为新库有效结论","按新库研究质量审计规范复核"
"EX-20260605T000000Z-mig-R202606050779AFBB","RD-20260605T115651Z-main-DP00","migrated_unverified","legacy_raw","R20260605-077 R010A9S4 高热度窄主线热分支 2024 Smoke 否决","旧库机械迁移，待复核","E:/量化平台_V1.4.0/configs/research/R010-A9/filter_thin_top3_replace/config_2024_s4_top2_ret5_positive_top3_apply_a2_median003_or_hot_v1.json","E:/量化平台_V1.4.0/results/v2/research/R010-A9/filter_thin_top3_replace/s4_top2_ret5_positive_top3_apply_a2_median003_or_hot_v1_2024/697a135016514ffd9ff025d2d2644b09","04_实验记录\EX-20260605T000000Z-mig-R202606050779AFBB_R20260605-077R010A9S4高热度窄主线热分支2024Smoke否决.md","","2026-06-05T12:00:00Z","2026-06-05T12:00:00Z","旧库迁移记录，不能直接作为新库有效结论","按新库研究质量审计规范复核"
"EX-20260605T000000Z-mig-R2026060507889967","RD-20260605T115651Z-main-DP00","migrated_unverified","legacy_raw","R20260605-078 R010A9S3 已触发负贡献归因与审计字段增强","旧库机械迁移，待复核","E:/量化平台_V1.4.0/configs/research/R010-A9/filter_thin_top3_replace/","E:/量化平台_V1.4.0/results/v2/research/R010-A9/filter_thin_top3_replace/s3_kept_trigger_attribution_readonly/","04_实验记录\EX-20260605T000000Z-mig-R2026060507889967_R20260605-078R010A9S3已触发负贡献归因与审计字段增强.md","","2026-06-05T12:00:00Z","2026-06-05T12:00:00Z","旧库迁移记录，不能直接作为新库有效结论","按新库研究质量审计规范复核"
"EX-20260605T000000Z-mig-R202606050799B34C","RD-20260605T115651Z-main-DP00","migrated_unverified","legacy_raw","R20260605-079 R010A9S3 Shadow 2024 Smoke 交易隔离通过","旧库机械迁移，待复核","E:/量化平台_V1.4.0/configs/research/R010-A9/filter_thin_top3_replace/config_2024_s3_top2_ret5_positive_top3_shadow_a2_median003.json","E:/量化平台_V1.4.0/results/v2/research/R010-A9/filter_thin_top3_replace/s3_top2_ret5_positive_top3_shadow_a2_median003_2024/42a0c190d1e9433b84193e55871550c1","04_实验记录\EX-20260605T000000Z-mig-R202606050799B34C_R20260605-079R010A9S3Shadow2024Smoke交易隔离通过.md","","2026-06-05T12:00:00Z","2026-06-05T12:00:00Z","旧库迁移记录，不能直接作为新库有效结论","按新库研究质量审计规范复核"
"EX-20260605T000000Z-mig-R2026060508099410","RD-20260605T115651Z-main-DP00","migrated_unverified","legacy_raw","R20260605-080 R010A9S3 Shadow 多分段 Smoke 交易隔离通过","旧库机械迁移，待复核","E:/量化平台_V1.4.0/configs/research/R010-A9/filter_thin_top3_replace/config_2022_2023_s3_top2_ret5_positive_top3_shadow_a2_median003.json; E:/量化平台_V1.4.0/configs/research/R010-A9/filter_thin_top3_replace/config_2025_20260519_s3_top2_ret5_positive_top3_shadow_a2_median003.json","E:/量化平台_V1.4.0/results/v2/research/R010-A9/filter_thin_top3_replace/","04_实验记录\EX-20260605T000000Z-mig-R2026060508099410_R20260605-080R010A9S3Shadow多分段Smoke交易隔离通过.md","","2026-06-05T12:00:00Z","2026-06-05T12:00:00Z","旧库迁移记录，不能直接作为新库有效结论","按新库研究质量审计规范复核"
"EX-20260605T000000Z-mig-R202606050812A784","RD-20260605T115651Z-main-DP00","migrated_unverified","legacy_raw","R20260605-081 R010A9S3 Shadow 四分段全覆盖交易隔离通过","旧库机械迁移，待复核","E:/量化平台_V1.4.0/configs/research/R010-A9/filter_thin_top3_replace/config_2020_2021_s3_top2_ret5_positive_top3_shadow_a2_median003.json","E:/量化平台_V1.4.0/results/v2/research/R010-A9/filter_thin_top3_replace/s3_top2_ret5_positive_top3_shadow_a2_median003_2020_2021/6a213c8338c8416eb147257cf33741f0","04_实验记录\EX-20260605T000000Z-mig-R202606050812A784_R20260605-081R010A9S3Shadow四分段全覆盖交易隔离通过.md","","2026-06-05T12:00:00Z","2026-06-05T12:00:00Z","旧库迁移记录，不能直接作为新库有效结论","按新库研究质量审计规范复核"
"EX-20260605T000000Z-mig-R202606050828E097","RD-20260605T115651Z-main-DP00","migrated_unverified","legacy_raw","R20260605-082 R010A9S3 十五触发成交可用性与扣成本复核","旧库机械迁移，待复核","N/A","E:/量化平台_V1.4.0/results/v2/research/R010-A9/filter_thin_top3_replace/s3_shadow_event_tradability_review_readonly","04_实验记录\EX-20260605T000000Z-mig-R202606050828E097_R20260605-082R010A9S3十五触发成交可用性与扣成本复核.md","","2026-06-05T12:00:00Z","2026-06-05T12:00:00Z","旧库迁移记录，不能直接作为新库有效结论","按新库研究质量审计规范复核"
"EX-20260605T000000Z-mig-R20260605083B8CDE","RD-20260605T115651Z-main-DP00","migrated_unverified","legacy_raw","R20260605-083 R010A9S3 预可见容量护栏只读评估","旧库机械迁移，待复核","N/A","E:/量化平台_V1.4.0/results/v2/research/R010-A9/filter_thin_top3_replace/s3_capacity_guard_candidates_readonly","04_实验记录\EX-20260605T000000Z-mig-R20260605083B8CDE_R20260605-083R010A9S3预可见容量护栏只读评估.md","","2026-06-05T12:00:00Z","2026-06-05T12:00:00Z","旧库迁移记录，不能直接作为新库有效结论","按新库研究质量审计规范复核"
"EX-20260605T000000Z-mig-R202606050844E399","RD-20260605T115651Z-main-DP00","migrated_unverified","legacy_raw","R20260605-084 R010A9S5 预可见容量护栏 Shadow 四分段验证","旧库机械迁移，待复核","E:/量化平台_V1.4.0/configs/research/R010-A9/filter_thin_top3_replace/","E:/量化平台_V1.4.0/results/v2/research/R010-A9/filter_thin_top3_replace/","04_实验记录\EX-20260605T000000Z-mig-R202606050844E399_R20260605-084R010A9S5预可见容量护栏Shadow四分段验证.md","","2026-06-05T12:00:00Z","2026-06-05T12:00:00Z","旧库迁移记录，不能直接作为新库有效结论","按新库研究质量审计规范复核"
"EX-20260605T000000Z-mig-R20260605085B7521","RD-20260605T115651Z-main-DP00","migrated_unverified","legacy_raw","R20260605-085 R010A9S5 放行事件 Live-Readiness 只读审计","旧库机械迁移，待复核","N/A","E:/量化平台_V1.4.0/results/v2/research/R010-A9/filter_thin_top3_replace/s5_live_readiness_readonly","04_实验记录\EX-20260605T000000Z-mig-R20260605085B7521_R20260605-085R010A9S5放行事件Live-Readiness只读审计.md","","2026-06-05T12:00:00Z","2026-06-05T12:00:00Z","旧库迁移记录，不能直接作为新库有效结论","按新库研究质量审计规范复核"
"EX-20260605T000000Z-mig-R202606050866BB8C","RD-20260605T115651Z-main-DP00","migrated_unverified","legacy_raw","R20260605-086 R010A9S5 二级护栏候选只读发现","旧库机械迁移，待复核","N/A","E:/量化平台_V1.4.0/results/v2/research/R010-A9/filter_thin_top3_replace/s5_second_guard_candidates_readonly","04_实验记录\EX-20260605T000000Z-mig-R202606050866BB8C_R20260605-086R010A9S5二级护栏候选只读发现.md","","2026-06-05T12:00:00Z","2026-06-05T12:00:00Z","旧库迁移记录，不能直接作为新库有效结论","按新库研究质量审计规范复核"
"EX-20260605T000000Z-mig-R202606050878B552","RD-20260605T115651Z-main-DP00","migrated_unverified","legacy_raw","R20260605-087 R010A9S6 二级护栏 Default-Off Shadow 四分段验证","旧库机械迁移，待复核","E:/量化平台_V1.4.0/configs/research/R010-A9/filter_thin_top3_replace/","E:/量化平台_V1.4.0/results/v2/research/R010-A9/filter_thin_top3_replace/s6_top2_ret5_positive_top3_shadow_a2_median003_prior5win5pct_second_top2_0011_targetscore495_*","04_实验记录\EX-20260605T000000Z-mig-R202606050878B552_R20260605-087R010A9S6二级护栏Default-OffShadow四分段验证.md","","2026-06-05T12:00:00Z","2026-06-05T12:00:00Z","旧库迁移记录，不能直接作为新库有效结论","按新库研究质量审计规范复核"
"EX-20260605T000000Z-mig-R202606050881EFD1","RD-20260605T115651Z-main-DP00","migrated_unverified","legacy_raw","R20260605-088 R010A10 A2 换仓延迟确认只读发现","旧库机械迁移，待复核","N/A","E:/量化平台_V1.4.0/results/v2/research/R010-A10/a2_switch_delay_confirmation_readonly/","04_实验记录\EX-20260605T000000Z-mig-R202606050881EFD1_R20260605-088R010A10A2换仓延迟确认只读发现.md","","2026-06-05T12:00:00Z","2026-06-05T12:00:00Z","旧库迁移记录，不能直接作为新库有效结论","按新库研究质量审计规范复核"
"EX-20260605T000000Z-mig-R202606050899F2EE","RD-20260605T115651Z-main-DP00","migrated_unverified","legacy_raw","R20260605-089 R010A10S1 A2 换仓延迟确认 Default-Off Shadow 四分段验证","旧库机械迁移，待复核","E:/量化平台_V1.4.0/configs/research/R010-A10/switch_delay_confirmation/","E:/量化平台_V1.4.0/results/v2/research/R010-A10/switch_delay_confirmation/s1_analysis/","04_实验记录\EX-20260605T000000Z-mig-R202606050899F2EE_R20260605-089R010A10S1A2换仓延迟确认Default-OffShadow四分段验证.md","","2026-06-05T12:00:00Z","2026-06-05T12:00:00Z","旧库迁移记录，不能直接作为新库有效结论","按新库研究质量审计规范复核"
"EX-20260605T000000Z-mig-R202606050901D007","RD-20260605T115651Z-main-DP00","migrated_unverified","legacy_raw","R20260605-090 过热拥挤机制收益拖累总审计","旧库机械迁移，待复核","configs/research/R010-B2/; configs/research/R010-B3/; configs/research/R010-B4/; configs/research/R010-A9/filter_thin_top3_replace/","results/v2/research/R010-B2/a2_slope004_split_compare/; results/v2/research/R010-B3/all_weak_persist_limited2_gate_median_or_breadth_cap80_analysis/; results/v2/research/R010-B4/tiered_v2_split_summary/; results/v2/research/R010-A9/filter_thin_top3_replace/","04_实验记录\EX-20260605T000000Z-mig-R202606050901D007_R20260605-090过热拥挤机制收益拖累总审计.md","","2026-06-05T12:00:00Z","2026-06-05T12:00:00Z","旧库迁移记录，不能直接作为新库有效结论","按新库研究质量审计规范复核"
"EX-20260605T000000Z-mig-R2026060509171628","RD-20260605T115651Z-main-DP00","migrated_unverified","legacy_raw","R20260605-091 score 大于 5 硬过滤合理性审计","旧库机械迁移，待复核","E:/xtquant/策略/ETF双池动量轮动_MiniQMT.py","reports/migration/etf_dual_pool_target_diff_classification_after_jq_log.csv; results/v2/research/R010-A11/score_cap_readonly/; results/v2/research/R010-A11/score_cap_readonly_2020_20260604/; results/v2/research/R010-A11/score_cap_equity_proxy_2020_20260604/; results/v2/research/R010-A11/score_hot_alternatives_2020_20260604/; configs/research/R010-A11/score_hot_backtest/; results/v2/research/R010-A11/score_hot_backtest_smoke/; results/v2/research/R010-A11/score_hot_backtest/","04_实验记录\EX-20260605T000000Z-mig-R2026060509171628_R20260605-091score大于5硬过滤合理性审计.md","","2026-06-05T12:00:00Z","2026-06-05T12:00:00Z","旧库迁移记录，不能直接作为新库有效结论","按新库研究质量审计规范复核"
"EX-20260605T000000Z-mig-R202606050921DE42","RD-20260605T115651Z-main-DP00","migrated_unverified","legacy_raw","R20260605-092 顶刊文献启发过热拥挤判别研究计划","旧库机械迁移，待复核","E:/量化平台_V1.4.0/scripts/research/analyze_r010a12_literature_hot_gate.py","E:/量化平台_V1.4.0/results/v2/research/R010-A12/literature_hot_gate_proxy/","04_实验记录\EX-20260605T000000Z-mig-R202606050921DE42_R20260605-092顶刊文献启发过热拥挤判别研究计划.md","","2026-06-05T12:00:00Z","2026-06-05T12:00:00Z","旧库迁移记录，不能直接作为新库有效结论","按新库研究质量审计规范复核"
"EX-20260605T000000Z-mig-R20260605093A8E06","RD-20260605T115651Z-main-DP00","migrated_unverified","legacy_raw","R20260605-093 5到6分风险预算缩放研究计划","旧库机械迁移，待复核","E:/量化平台_V1.4.0/configs/research/R010-A13/score56_risk_budget/","E:/量化平台_V1.4.0/results/v2/research/R010-A13/score56_risk_budget/","04_实验记录\EX-20260605T000000Z-mig-R20260605093A8E06_R20260605-0935到6分风险预算缩放研究计划.md","","2026-06-05T12:00:00Z","2026-06-05T12:00:00Z","旧库迁移记录，不能直接作为新库有效结论","按新库研究质量审计规范复核"
"EX-20260523T000000Z-mig-S202605230011898F","RD-20260605T115651Z-main-DP00","migrated_unverified","legacy_raw","S20260523-001: 小市值日内做T 11年回撤归因分析","旧库机械迁移，待复核","N/A","N/A","04_实验记录\EX-20260523T000000Z-mig-S202605230011898F_S20260523-001小市值日内做T11年回撤归因分析.md","","2026-06-05T12:00:00Z","2026-06-05T12:00:00Z","旧库迁移记录，不能直接作为新库有效结论","按新库研究质量审计规范复核"
"EX-20260523T000000Z-mig-S2026052300264EF6","RD-20260605T115651Z-main-DP00","migrated_unverified","legacy_raw","S20260523-002: 复利年化100% + 最大回撤20%（无杠杆）目标可行性评估","旧库机械迁移，待复核","N/A","N/A","04_实验记录\EX-20260523T000000Z-mig-S2026052300264EF6_S20260523-002复利年化100%+最大回撤20%（无杠杆）目标可行性评估.md","","2026-06-05T12:00:00Z","2026-06-05T12:00:00Z","旧库迁移记录，不能直接作为新库有效结论","按新库研究质量审计规范复核"
"EX-20260605T131309Z-main-QCVT","RD-20260605T131301Z-main-KC7N","completed","readonly_audit_completed","主题簇主线确认只读审计预注册","固定主题标签和主题扩散强度能否解释 hot/raw Top1 相对基准的 H1/H3/H5/H10 收益差异","E:/量化平台_V1.4.0/configs/research/R010-THEME/EX-20260605T131309Z-main-QCVT/theme_cluster_mainline_readonly.json","E:/量化平台_V1.4.0/results/v2/research/R010-THEME/EX-20260605T131309Z-main-QCVT/","04_实验记录/EX-20260605T131309Z-main-QCVT_主题簇主线确认只读审计预注册.md","","2026-06-05T13:13:09Z","2026-06-05T13:18:52Z","主题簇 H10 均值优于非主题簇和负控，但胜率不稳定，只能作为 L1 观察","新开主题簇主线确认 formal V2 shadow 回测预注册"
"EX-20260605T133436Z-main-TZ5W","RD-20260605T131301Z-main-KC7N","completed","shadow_smoke_completed","主题簇主线确认Formal V2 Shadow预注册","固定主题表能否进入正式 V2 日志链路且不改变目标和订单","E:/量化平台_V1.4.0/configs/research/R010-THEME/EX-20260605T133436Z-main-TZ5W/theme_cluster_shadow_smoke_2025q1.json","E:/量化平台_V1.4.0/results/v2/research/R010-THEME/EX-20260605T133436Z-main-TZ5W/smoke_2025q1/","04_实验记录/EX-20260605T133436Z-main-TZ5W_主题簇主线确认Formal V2 Shadow预注册.md","","2026-06-05T13:34:36Z","2026-06-05T13:48:00Z","L1_engineering：57条action主题字段、57条shadow日志、changes_targets=true为0；不证明收益","新开四段formal V2 shadow观察，加入基准哈希、错位主题、随机主题和去主题消融"
"EX-20260605T140100Z-main-B7VH","RD-20260605T131301Z-main-KC7N","completed","four_segment_shadow_isolation_completed","主题簇主线确认四段Shadow观察与订单隔离审计","四段shadow-on/off配对验证主题字段稳定性和交易隔离","E:/量化平台_V1.4.0/configs/research/R010-THEME/EX-20260605T140100Z-main-B7VH/split/","E:/量化平台_V1.4.0/results/v2/research/R010-THEME/EX-20260605T140100Z-main-B7VH/summary/","04_实验记录/EX-20260605T140100Z-main-B7VH_主题簇主线确认四段Shadow观察与订单隔离审计.md","","2026-06-05T14:01:00Z","2026-06-05T15:56:00Z","L1_engineering：四段1542条shadow日志、changes_targets=true为0、normalized交易产物哈希16/16一致；不证明收益","已由EX-20260605T234635Z-main-CTRD完成收益归因，参考DEC-20260605T235338Z-main-WVZZ"
"EX-20260605T133336Z-main-UBVU","RD-20260605T133318Z-main-H6V3","completed","formal_key_window_done","非金融高分放行关键窗口失败复核","非金融高分一律放行是否能替代hard5","E:/量化平台_V1.4.0/configs/research/R010-A14/theme_hot_backtest/","E:/量化平台_V1.4.0/results/v2/research/R010-A14/theme_hot_backtest/","04_实验记录/EX-20260605T133336Z-main-UBVU_非金融高分放行关键窗口失败复核.md","DEC-20260605T133351Z-main-7PRX","2026-06-05T13:33:36Z","2026-06-05T13:33:36Z","非金融高分放行在关键窗口严重失败，不能替代hard5","转向hard5内部next-best和资产属性分层"
"EX-20260605T133336Z-main-MZJE","RD-20260605T133318Z-main-H6V3","completed","readonly_done","hard5内部next-best选择只读代理","raw Top1被hard5过滤后是否能在score小于5候选里选更好目标","","E:/量化平台_V1.4.0/results/v2/research/R010-A15/hard5_next_best_proxy/","04_实验记录/EX-20260605T133336Z-main-MZJE_hard5内部next-best选择只读代理.md","DEC-20260605T133351Z-main-ECU2","2026-06-05T13:33:36Z","2026-06-05T13:33:36Z","通用next-best selector均未通过胜率和分段稳定性门槛","转向资产属性标签审计"
"EX-20260605T133336Z-main-DMB9","RD-20260605T133318Z-main-H6V3","completed","readonly_done","资产属性标签审计与hard5事件拆分","hard5过滤事件中的其他主题是否实际混入商品LOF等资产属性","","E:/量化平台_V1.4.0/results/v2/research/R010-A18/asset_class_label_audit/","04_实验记录/EX-20260605T133336Z-main-DMB9_资产属性标签审计与hard5事件拆分.md","DEC-20260605T133351Z-main-26J6","2026-06-05T13:33:36Z","2026-06-05T13:33:36Z","其他主题几乎全是商品LOF，资产属性分层成为前置条件","构造52周高点、成交量冲击、相关性和动量崩盘状态面板"
"EX-20260605T135028Z-main-76GD","RD-20260605T133318Z-main-H6V3","completed","diagnostic_completed","score大于5过滤状态面板诊断","score>5只有结合资产属性和状态变量才可作为过热代理，单独硬过滤不合理","E:\量化平台_V1.4.0\scripts\research\analyze_r010a16_hot_state_panel.py","E:\量化平台_V1.4.0\results\v2\research\R010-A16\hot_state_panel","04_实验记录/EX-20260605T135028Z-main-76GD_score大于5过滤状态面板诊断.md","DEC-20260605T135046Z-main-P5V8","2026-06-05T13:50:28Z","2026-06-05T13:51:00Z","212个hard5事件中raw Top1 H10均值约+1.98%，hard5备选约-0.96%；无条件硬过滤机会成本明显","进入A17条件化hard5 A/B回测"
"EX-20260605T151211Z-main-JDPL","RD-20260605T133318Z-main-H6V3","completed","formal_key_window_done","条件化score过热过滤formal V2关键窗口回测","测试条件化hard5能否释放被score>5错杀的收益且不放大回撤","E:/量化平台_V1.4.0/configs/research/R010-A17/conditional_hot_state/","E:/量化平台_V1.4.0/results/v2/research/R010-A17/conditional_hot_state/","04_实验记录/EX-20260605T151211Z-main-JDPL_条件化score过热过滤formal V2关键窗口回测.md","DEC-20260605T151211Z-main-YFNK","2026-06-05T15:12:11Z","2026-06-05T15:40:00Z","conditional_v1最终-63.40%且MDD-76.54%；修复后conditional_v2_smooth为+199.88%、MDD-20.51%，弱于hard5","停止A17粗条件门，转向数据复权异常闸和非二元过热预算"
"EX-20260605T165020Z-main-Z5EP","RD-20260605T133318Z-main-H6V3","completed","formal_stability_done","A19 ret5延续高分放行关键窗口与稳定性回测","高分标的只有在ret5延续区间才放行，可能释放hard5机会成本并避免异常价格风险","E:/量化平台_V1.4.0/configs/research/R010-A19/ret5_continuation_allowlist/","E:/量化平台_V1.4.0/results/v2/research/R010-A19/ret5_continuation_allowlist/","04_实验记录/EX-20260605T165020Z-main-Z5EP_A19 ret5延续高分放行关键窗口与稳定性回测.md","DEC-20260605T165030Z-main-HSEH","2026-06-05T16:50:20Z","2026-06-05T16:50:20Z","ret5_9_12在2025-20260519提高收益且回撤接近hard5，但2022-2023明显输给hard5，不能直接替代默认hard5","新开A20市场状态条件化高分延续放行，只读归因强趋势与弱市样本差异"
"EX-20260605T184943Z-main-Q3YU","RD-20260605T133318Z-main-H6V3","completed","formal_stability_with_path_dependency_audit","A20-A21市场状态高分延续放行formal V2与路径依赖反证","A20只在广度足够且候选slope10足够时放行高分；A21检验广度过满冲顶排除是否可修复2020反证","E:/量化平台_V1.4.0/configs/research/R010-A20/market_state_hot_allowlist/;E:/量化平台_V1.4.0/configs/research/R010-A21/breadth_ceiling_hot_allowlist/","E:/量化平台_V1.4.0/results/v2/research/R010-A20/market_state_hot_allowlist/;E:/量化平台_V1.4.0/results/v2/research/R010-A21/breadth_ceiling_hot_allowlist/","04_实验记录/EX-20260605T184943Z-main-Q3YU_A20-A21市场状态高分延续放行formal V2与路径依赖反证.md","DEC-20260605T184943Z-main-CKNC","2026-06-05T18:49:43Z","2026-06-05T18:49:43Z","A20在2025显著优于hard5且修复2022_2023，但2020_2021低于hard5；A21二次代理formal失败","新开A22高分状态预算与非二元过热机制"
"EX-20260605T220429Z-main-EQFU","RD-20260605T133318Z-main-H6V3","completed","formal_v2_budget_ablation","A22高分状态风险预算formal V2四段回测","A20条件放行后不满仓追高，而是对score>=5目标施加60/70/80%风险预算","E:/量化平台_V1.4.0/configs/research/R010-A22/hot_score_budget/","E:/量化平台_V1.4.0/results/v2/research/R010-A22/hot_score_budget/","04_实验记录/EX-20260605T220429Z-main-EQFU_A22高分状态风险预算formal V2四段回测.md","DEC-20260605T220430Z-main-9QNJ","2026-06-05T22:04:29Z","2026-06-05T22:04:29Z","cap70四段最终权益均不低于hard5并保留2025收益；cap60更稳但削弱当前强趋势窗口","新开A23状态分层预算，普通A20用cap70，broad blowoff用cap60或更低"
"EX-20260606T073600Z-main-R8M6","RD-20260605T133318Z-main-H6V3","completed","formal_v2_state_tier_budget_challenger","A23状态分层预算88_6探索四段回测","普通高分用cap70，MA20广度>=88%且median20>=6%的broad blowoff降到cap60","E:/量化平台_V1.4.0/configs/research/R010-A23/state_tier_hot_budget/base70_blowoff88_m06_cap60/","E:/量化平台_V1.4.0/results/v2/research/R010-A23/state_tier_hot_budget/base70_blowoff88_m06_cap60/","04_实验记录/EX-20260606T073600Z-main-R8M6_A23状态分层预算88_6探索四段回测.md","DEC-20260606T073601Z-main-VK2A","2026-06-06T07:36:00Z","2026-06-06T07:36:00Z","A23 88/6四段不低于hard5并改善2020，但2022略弱于A22 cap70，暂不替代当前首选","保留A22 cap70为首选；A23继续做90/6、92/4、dispersion和2022事件归因"
"EX-20260606T083100Z-main-D9QK","RD-20260605T133318Z-main-H6V3","completed","formal_v2_state_tier_budget_sensitivity","A23状态分层预算92_4_d09四段回测","普通高分用cap70，高广度/中位收益/高离散broad blowoff降到cap60，检验是否避免2022误降仓且保留2020风控","E:/量化平台_V1.4.0/configs/research/R010-A23/state_tier_hot_budget/base70_blowoff92_m04_d09_cap60/","E:/量化平台_V1.4.0/results/v2/research/R010-A23/state_tier_hot_budget/base70_blowoff92_m04_d09_cap60/","04_实验记录/EX-20260606T083100Z-main-D9QK_A23状态分层预算92_4_d09四段回测.md","DEC-20260606T083101Z-main-S7NP","2026-06-06T08:31:00Z","2026-06-06T03:40:00Z","A23 92/4/d09四段不差于A22 cap70且2020更好，已由U7X2同配置可见重跑复现；仍是L2 reproduced候选","后续以U7X2为复现证据，补邻近阈值、cap邻近、成本扰动和forward OOS"
"EX-20260605T234635Z-main-CTRD","RD-20260605T131301Z-main-KC7N","completed","attribution_with_controls_completed","主题簇主线确认收益归因与负控预注册","用B7VH四段shadow面板和净值曲线检验主题桶、金融坏桶对事件后H1/H3/H5/H10组合收益的解释力","E:/量化平台_V1.4.0/configs/research/R010-THEME/EX-20260605T234635Z-main-CTRD/theme_forward_attribution.json","E:/量化平台_V1.4.0/results/v2/research/R010-THEME/EX-20260605T234635Z-main-CTRD/forward_attribution/","04_实验记录/EX-20260605T234635Z-main-CTRD_主题簇主线确认收益归因与负控预注册.md","DEC-20260605T235338Z-main-WVZZ","2026-06-05T23:46:35Z","2026-06-05T23:58:00Z","L2_attribution_observe：6p_same正向假设失败；金融top1 H10弱于非金融且强于随机/错位负控","停止6p正向放行路线；若继续主题簇，转向金融坏桶/高集中度风险预算A/B预注册"
"EX-20260606T000758Z-main-VVVN","RD-20260605T131301Z-main-KC7N","active","two_recent_segments_completed_full_formal_pending","主题簇金融坏桶风险预算formal V2 AB预注册","固定测试金融top1或高主题集中度触发70%风险预算，检验是否改善路径风险且不明显牺牲收益","E:/量化平台_V1.4.0/configs/research/R010-THEME/EX-20260606T000758Z-main-VVVN/risk_budget/","E:/量化平台_V1.4.0/results/v2/research/R010-THEME/EX-20260606T000758Z-main-VVVN/risk_budget/","04_实验记录/EX-20260606T000758Z-main-VVVN_主题簇金融坏桶风险预算formal V2 AB预注册.md","","2026-06-06T00:07:58Z","2026-06-06T02:30:25Z","已完成2024和2025两个近端分段三组回测：financial_top1_cap70两段收益均低于baseline，累计收益差约-6.79个百分点；financial_or_share_ge050_cap70两段收益均低于baseline，累计收益差约-56.16个百分点但回撤改善，显示高集中度阈值过宽","补齐baseline、financial_top1_cap70和financial_or_share_ge050_cap70的2020_2021、2022_2023两段formal V2后再判断是否需要决策卡"
"EX-20260606T012550Z-main-LM3D","RD-20260605T115651Z-main-CORE","active","score_diagnostic_completed_partial_formal_30of32_top4_rejected_ann25_top1_rejected_ann250_unlimited_2seg_failed_running_2024","动量评分尺度与Top4排名权重预注册","检验annualization从250改为25是否只是改变score阈值语义，并测试Top4 40/30/20/10是否优于Top1和Top4等权","E:/量化平台_V1.4.0/configs/research/RD-20260605T115651Z-main-CORE/EX-20260606T012550Z-main-LM3D/","E:/量化平台_V1.4.0/results/v2/research/RD-20260605T115651Z-main-CORE/EX-20260606T012550Z-main-LM3D/;E:/量化平台_V1.4.0/results/v2/research/RD-20260605T115651Z-main-CORE/EX-20260606T012550Z-main-LM3D/score_diagnostic/;E:/量化平台_V1.4.0/results/v2/research/RD-20260605T115651Z-main-CORE/EX-20260606T012550Z-main-LM3D/summary/formal_partial/","04_实验记录/EX-20260606T012550Z-main-LM3D_动量评分尺度与Top4排名权重预注册.md","","2026-06-06T01:25:50Z","2026-06-06T12:03:00Z","评分诊断显示ann25没有任何score>=5触发；formal已完成30/32；Top4三组均不作为收益改进候选；ann25_top1_hard5_same_threshold与ann25_top1_unlimited_score均已完成4/4并判为失败候选；ann25 unlimited 2025 final 40055.94、MDD -72.98%，取消score上限不能修复25天化","剩余Top1 formal runner lm3d_remaining_batch_20260606T102200Z正在运行ann250_top1_unlimited_score/2024；补齐ann250_top1_unlimited_score剩余两段；32/32后再做成本扰动和错位评分负控"
"EX-20260606T021645Z-main-U7X2","RD-20260605T133318Z-main-H6V3","active","visible_rerun_completed_minimal_robustness_12of12_cap_cost_oos_pending","A23 92_4_d09可见重跑与稳健性补证","A23 92/4/d09历史四段结果缺标准tee日志，本轮检验同配置可见重跑是否复现，并补最小邻近阈值矩阵判断是否孤立最优","E:/量化平台_V1.4.0/configs/research/R010-A23/state_tier_hot_budget/base70_blowoff92_m04_d09_cap60/","E:/量化平台_V1.4.0/results/v2/research/R010-A23/state_tier_hot_budget/base70_blowoff92_m04_d09_cap60/visible_rerun_20260606T021645Z/;E:/量化平台_V1.4.0/results/v2/research/R010-A23/state_tier_hot_budget/base70_blowoff92_m04_d09_cap60/2020_2021/20d7c256e02647ca9cb8e681b64bc1dc/;E:/量化平台_V1.4.0/results/v2/research/R010-A23/state_tier_hot_budget/base70_blowoff92_m04_d09_cap60/2022_2023/ab6ee67721564c1aac6c7f8cc82dea35/;E:/量化平台_V1.4.0/results/v2/research/R010-A23/state_tier_hot_budget/base70_blowoff92_m04_d09_cap60/2024/c7252b2cb5784403891acaf0adabb1bf/;E:/量化平台_V1.4.0/results/v2/research/R010-A23/state_tier_hot_budget/base70_blowoff92_m04_d09_cap60/2025_20260519/89fb1f527afc48feaac760f05117fdfc/;E:/量化平台_V1.4.0/results/v2/research/R010-A23/state_tier_hot_budget/minimal_robustness_20260606T051500Z/;E:/量化平台_V1.4.0/results/v2/research/R010-A23/state_tier_hot_budget/attribution/minimal_robustness/","04_实验记录/EX-20260606T021645Z-main-U7X2_A23 92_4_d09可见重跑与稳健性补证.md","","2026-06-06T02:16:45Z","2026-06-06T07:36:25Z","四段可见重跑完全复现D9QK；最小邻近矩阵12/12完成，5/6个邻近组合两段都不弱于A22，isolated_optimum_warning=false；d07在2022_2023略弱于A22；一条非致命Exception ignored日志风险已记录","补四段完整邻近矩阵、cap邻近、成本扰动、事件级归因和forward OOS；通过前仍不切换默认hard5"
"EX-20260606T075615Z-main-LVV7","RD-20260605T133318Z-main-H6V3","active","preregistered_waiting_lm3d_resource","A23完整邻域与cap成本稳健性补证","检验A23 92/4/d09是否在四段邻域、cap65/cap75和成本扰动下仍不弱于A22 cap70，避免孤立最优和执行成本脆弱性","E:/量化平台_V1.4.0/configs/research/R010-A23/state_tier_hot_budget/;E:/量化平台_V1.4.0/scripts/research/run_r010a23_four_segment_neighbors.sh;E:/量化平台_V1.4.0/scripts/research/summarize_r010a23_full_robustness.py","E:/量化平台_V1.4.0/results/v2/research/R010-A23/state_tier_hot_budget/attribution/full_robustness/","04_实验记录/EX-20260606T075615Z-main-LVV7_A23完整邻域与cap成本稳健性补证.md","","2026-06-06T07:56:15Z","2026-06-06T07:56:53Z","已完成预注册、运行器和汇总器；当前full汇总显示阈值邻域12/24已完成，缺2024与2025两段，cap/cost为0/12；LM3D正在占用回测资源，A23等待平台空闲","待LM3D释放后先跑SEGMENTS=2024 2025_20260519四段邻域补证，再跑cap65/cap75/cost2x四段"
