"new_id","old_id","kind","title","old_relative_path","new_relative_path","migration_status","evidence_level"
"STRAT-20260603T000000Z-mig-ETF67741","ETF双池动量轮动","strategy","ETF双池动量轮动","🏷️ 策略\ETF双池动量轮动.md","03_策略档案\STRAT-20260603T000000Z-mig-ETF67741_ETF双池动量轮动.md","migrated_unverified","legacy_raw"
"STRAT-20260603T000000Z-mig-R2ETF1108E","R2 ETF动量轮动","strategy","R2 ETF动量轮动","🏷️ 策略\R2 ETF动量轮动.md","03_策略档案\STRAT-20260603T000000Z-mig-R2ETF1108E_R2ETF动量轮动.md","migrated_unverified","legacy_raw"
"STRAT-20260603T000000Z-mig-TFCB1F","动量趋势日内做T","strategy","动量趋势日内做T","🏷️ 策略\动量趋势日内做T.md","03_策略档案\STRAT-20260603T000000Z-mig-TFCB1F_动量趋势日内做T.md","migrated_unverified","legacy_raw"
"STRAT-20260603T000000Z-mig-ETFB0BED","七星动量阴跌防守ETF轮动","strategy","七星动量阴跌防守ETF轮动","🏷️ 策略\七星动量阴跌防守ETF轮动.md","03_策略档案\STRAT-20260603T000000Z-mig-ETFB0BED_七星动量阴跌防守ETF轮动.md","migrated_unverified","legacy_raw"
"IDEA-20260521T000000Z-mig-I202605210017AD87","I20260521-001","idea","I20260521-001 ETF趋势确认与防守切换","💡 想法\2026-05-21\I20260521-001_ETF趋势确认与防守切换.md","07_因子数据灵感\04_模块\IDEA-20260521T000000Z-mig-I202605210017AD87_I20260521-001ETF趋势确认与防守切换.md","migrated_unverified","legacy_raw"
"IDEA-20260521T000000Z-mig-I2026052100344BFD","I20260521-003","idea","I20260521-003 动量崩盘预警","💡 想法\2026-05-21\I20260521-003_动量崩盘预警.md","07_因子数据灵感\04_模块\IDEA-20260521T000000Z-mig-I2026052100344BFD_I20260521-003动量崩盘预警.md","migrated_unverified","legacy_raw"
"IDEA-20260521T000000Z-mig-I2026052100803308","I20260521-008","idea","I20260521-008 价值动量互补组合","💡 想法\2026-05-21\I20260521-008_价值动量互补组合.md","07_因子数据灵感\04_模块\IDEA-20260521T000000Z-mig-I2026052100803308_I20260521-008价值动量互补组合.md","migrated_unverified","legacy_raw"
"IDEA-20260522T000000Z-mig-I20260522001E80C3","I20260522-001","idea","I20260522-001 市场状态识别与切换门控","💡 想法\2026-05-22\I20260522-001_市场状态识别与切换门控.md","07_因子数据灵感\04_模块\IDEA-20260522T000000Z-mig-I20260522001E80C3_I20260522-001市场状态识别与切换门控.md","migrated_unverified","legacy_raw"
"IDEA-20260523T000000Z-mig-I20260523007F8622","I20260523-007","idea","I20260523-007 机器学习因子评分与非线性组合","💡 想法\2026-05-23\I20260523-007_机器学习因子评分与非线性组合.md","07_因子数据灵感\04_模块\IDEA-20260523T000000Z-mig-I20260523007F8622_I20260523-007机器学习因子评分与非线性组合.md","migrated_unverified","legacy_raw"
"IDEA-20260529T000000Z-mig-I2026052900393F1F","I20260529-003","idea","I20260529-003 ETF阴跌防守切换","💡 想法\2026-05-29\I20260529-003_ETF阴跌防守切换.md","07_因子数据灵感\04_模块\IDEA-20260529T000000Z-mig-I2026052900393F1F_I20260529-003ETF阴跌防守切换.md","migrated_unverified","legacy_raw"
"IDEA-20260529T000000Z-mig-I20260529004B2C61","I20260529-004","idea","I20260529-004 均线排列动量质量因子","💡 想法\2026-05-29\I20260529-004_均线排列动量质量因子.md","07_因子数据灵感\04_模块\IDEA-20260529T000000Z-mig-I20260529004B2C61_I20260529-004均线排列动量质量因子.md","migrated_unverified","legacy_raw"
"IDEA-20260531T000000Z-mig-I2026053100156ACB","I20260531-001","idea","I20260531-001 慢快动量转折门控","💡 想法\2026-05-31\I20260531-001_慢快动量转折门控.md","07_因子数据灵感\04_模块\IDEA-20260531T000000Z-mig-I2026053100156ACB_I20260531-001慢快动量转折门控.md","migrated_unverified","legacy_raw"
"MIG-20260604T000000Z-mig-AGENT9D351","最新Agent移交","archive","当前Agent移交：R010-B3 与 R026","📐 规范\Agent\最新Agent移交.md","12_归档\旧库迁移原文\MIG-20260604T000000Z-mig-AGENT9D351_当前Agent移交：R010-B3与R026.md","migrated_unverified","legacy_raw"
"MIG-20260605T000000Z-mig-R010A870D6","R010-A","archive","R010A10S1 A2 换仓延迟确认默认关闭 Shadow 观察规格","📐 规范\R010A10S1_A2换仓延迟确认默认关闭Shadow观察规格.md","12_归档\旧库迁移原文\MIG-20260605T000000Z-mig-R010A870D6_R010A10S1A2换仓延迟确认默认关闭Shadow观察规格.md","migrated_unverified","legacy_raw"
"MIG-20260604T000000Z-mig-R010A45E4E","R010-A","archive","R010A9S3 过滤层稀薄 Top3 默认关闭 Shadow 观察规格","📐 规范\R010A9S3_过滤层稀薄Top3默认关闭Shadow观察规格.md","12_归档\旧库迁移原文\MIG-20260604T000000Z-mig-R010A45E4E_R010A9S3过滤层稀薄Top3默认关闭Shadow观察规格.md","migrated_unverified","legacy_raw"
"MIG-20260604T000000Z-mig-H006FCDB3006FC","横截面动量类策略","archive","横截面动量类策略","📐 规范\标签词典\收益来源\横截面动量类策略.md","12_归档\旧库迁移原文\MIG-20260604T000000Z-mig-H006FCDB3006FC_横截面动量类策略.md","migrated_unverified","legacy_raw"
"MIG-20260604T000000Z-mig-ETF696E8","ETF轮动","archive","ETF轮动","📐 规范\标签词典\执行方式\ETF轮动.md","12_归档\旧库迁移原文\MIG-20260604T000000Z-mig-ETF696E8_ETF轮动.md","migrated_unverified","legacy_raw"
"MIG-20260604T000000Z-mig-TOP124B34","Top1集中","archive","Top1集中","📐 规范\标签词典\执行方式\Top1集中.md","12_归档\旧库迁移原文\MIG-20260604T000000Z-mig-TOP124B34_Top1集中.md","migrated_unverified","legacy_raw"
"MIG-20260604T000000Z-mig-ETFB90A0","ETF阴跌防守研究方法库","archive","ETF阴跌防守研究方法库","📐 规范\方法库\ETF阴跌防守研究方法库.md","12_归档\旧库迁移原文\MIG-20260604T000000Z-mig-ETFB90A0_ETF阴跌防守研究方法库.md","migrated_unverified","legacy_raw"
"MIG-20260604T000000Z-mig-R010CA8B6C","R010C动作启动信号文献适配清单","archive","R010C动作启动信号文献适配清单","📐 规范\方法库\R010C动作启动信号文献适配清单.md","12_归档\旧库迁移原文\MIG-20260604T000000Z-mig-R010CA8B6C_R010C动作启动信号文献适配清单.md","migrated_unverified","legacy_raw"
"MIG-20260604T000000Z-mig-H112802DF11280","多策略市场状态切换方法库","archive","多策略市场状态切换方法库","📐 规范\方法库\多策略市场状态切换方法库.md","12_归档\旧库迁移原文\MIG-20260604T000000Z-mig-H112802DF11280_多策略市场状态切换方法库.md","migrated_unverified","legacy_raw"
"MIG-20260603T000000Z-mig-HD26A7151D26A7","非线性仓位控制前向观察执行规程","archive","非线性仓位控制前向观察执行规程","📐 规范\方法库\非线性仓位控制前向观察执行规程.md","12_归档\旧库迁移原文\MIG-20260603T000000Z-mig-HD26A7151D26A7_非线性仓位控制前向观察执行规程.md","migrated_unverified","legacy_raw"
"MIG-20260604T000000Z-mig-H2CC516A62CC51","市场状态识别方法库","archive","M20260522-001 市场状态识别方法库","📐 规范\方法库\市场状态识别方法库.md","12_归档\旧库迁移原文\MIG-20260604T000000Z-mig-H2CC516A62CC51_M20260522-001市场状态识别方法库.md","migrated_unverified","legacy_raw"
"MIG-20260604T000000Z-mig-HE7A092EDE7A09","市场状态信号接口设计","archive","M20260523-001 市场状态信号接口设计","📐 规范\方法库\市场状态信号接口设计.md","12_归档\旧库迁移原文\MIG-20260604T000000Z-mig-HE7A092EDE7A09_M20260523-001市场状态信号接口设计.md","migrated_unverified","legacy_raw"
"TERM-20260603T000000Z-mig-B3GATEBF65D","B3 gate","term","B3 gate（风险确认门）","📖 概念\B3 gate.md","09_术语库\TERM-20260603T000000Z-mig-B3GATEBF65D_B3gate（风险确认门）.md","migrated_unverified","legacy_raw"
"TERM-20260604T000000Z-mig-B3GATETIEREDV2BAD04","B3-gate-tiered-v2","term","B3-gate-tiered-v2（策略组件导航）","📖 概念\B3-gate-tiered-v2.md","09_术语库\TERM-20260604T000000Z-mig-B3GATETIEREDV2BAD04_B3-gate-tiered-v2（策略组件导航）.md","migrated_unverified","legacy_raw"
"TERM-20260603T000000Z-mig-B3552E3","B3全弱信号","term","B3 全弱信号","📖 概念\B3全弱信号.md","09_术语库\TERM-20260603T000000Z-mig-B3552E3_B3全弱信号.md","migrated_unverified","legacy_raw"
"TERM-20260604T000000Z-mig-ETFEEFDF","ETF趋势确认与防守切换","term","ETF趋势确认与防守切换","📖 概念\ETF趋势确认与防守切换.md","09_术语库\TERM-20260604T000000Z-mig-ETFEEFDF_ETF趋势确认与防守切换.md","migrated_unverified","legacy_raw"
"TERM-20260604T000000Z-mig-ETFA7B57","ETF阴跌防守切换","term","ETF阴跌防守切换","📖 概念\ETF阴跌防守切换.md","09_术语库\TERM-20260604T000000Z-mig-ETFA7B57_ETF阴跌防守切换.md","migrated_unverified","legacy_raw"
"TERM-20260604T000000Z-mig-TIEREDV19409C","tiered-v1","term","tiered-v1","📖 概念\tiered-v1.md","09_术语库\TERM-20260604T000000Z-mig-TIEREDV19409C_tiered-v1.md","migrated_unverified","legacy_raw"
"TERM-20260603T000000Z-mig-TIEREDV252E3B","tiered-v2（分层强度防守）","term","tiered-v2（分层强度防守）","📖 概念\tiered-v2（分层强度防守）.md","09_术语库\TERM-20260603T000000Z-mig-TIEREDV252E3B_tiered-v2（分层强度防守）.md","migrated_unverified","legacy_raw"
"TERM-20260603T000000Z-mig-R27AD5F","动量R2得分","term","动量R2得分","📖 概念\动量R2得分.md","09_术语库\TERM-20260603T000000Z-mig-R27AD5F_动量R2得分.md","migrated_unverified","legacy_raw"
"TERM-20260604T000000Z-mig-H64E843E164E84","动量崩盘预警","term","动量崩盘预警","📖 概念\动量崩盘预警.md","09_术语库\TERM-20260604T000000Z-mig-H64E843E164E84_动量崩盘预警.md","migrated_unverified","legacy_raw"
"TERM-20260603T000000Z-mig-HC1AEF5B0C1AEF","动量质量软排序","term","动量质量软排序","📖 概念\动量质量软排序.md","09_术语库\TERM-20260603T000000Z-mig-HC1AEF5B0C1AEF_动量质量软排序.md","migrated_unverified","legacy_raw"
"TERM-20260604T000000Z-mig-H329A0ECC329A0","动量质量因子准入","term","动量质量因子准入","📖 概念\动量质量因子准入.md","09_术语库\TERM-20260604T000000Z-mig-H329A0ECC329A0_动量质量因子准入.md","migrated_unverified","legacy_raw"
"TERM-20260603T000000Z-mig-HB896D56FB896D","动量质量准入","term","动量质量准入","📖 概念\动量质量准入.md","09_术语库\TERM-20260603T000000Z-mig-HB896D56FB896D_动量质量准入.md","migrated_unverified","legacy_raw"
"TERM-20260603T000000Z-mig-H2F7A7B2A2F7A7","防守切换","term","防守切换","📖 概念\防守切换.md","09_术语库\TERM-20260603T000000Z-mig-H2F7A7B2A2F7A7_防守切换.md","migrated_unverified","legacy_raw"
"TERM-20260604T000000Z-mig-HE592D741E592D","非线性仓位控制（概念）","term","非线性仓位控制","📖 概念\非线性仓位控制（概念）.md","09_术语库\TERM-20260604T000000Z-mig-HE592D741E592D_非线性仓位控制.md","migrated_unverified","legacy_raw"
"TERM-20260603T000000Z-mig-H354A31A8354A3","横截面动量","term","横截面动量","📖 概念\横截面动量.md","09_术语库\TERM-20260603T000000Z-mig-H354A31A8354A3_横截面动量.md","migrated_unverified","legacy_raw"
"TERM-20260604T000000Z-mig-H8C1895D28C189","机器学习因子评分与非线性组合","term","机器学习因子评分与非线性组合","📖 概念\机器学习因子评分与非线性组合.md","09_术语库\TERM-20260604T000000Z-mig-H8C1895D28C189_机器学习因子评分与非线性组合.md","migrated_unverified","legacy_raw"
"TERM-20260604T000000Z-mig-HED28BD20ED28B","价值动量互补组合","term","价值动量互补组合","📖 概念\价值动量互补组合.md","09_术语库\TERM-20260604T000000Z-mig-HED28BD20ED28B_价值动量互补组合.md","migrated_unverified","legacy_raw"
"TERM-20260603T000000Z-mig-H7BB0848E7BB08","绝对动量准入","term","绝对动量准入","📖 概念\绝对动量准入.md","09_术语库\TERM-20260603T000000Z-mig-H7BB0848E7BB08_绝对动量准入.md","migrated_unverified","legacy_raw"
"TERM-20260604T000000Z-mig-H2D99328D2D993","均线排列动量质量因子","term","均线排列动量质量因子","📖 概念\均线排列动量质量因子.md","09_术语库\TERM-20260604T000000Z-mig-H2D99328D2D993_均线排列动量质量因子.md","migrated_unverified","legacy_raw"
"TERM-20260604T000000Z-mig-H5606086056060","慢快动量转折门控","term","慢快动量转折门控","📖 概念\慢快动量转折门控.md","09_术语库\TERM-20260604T000000Z-mig-H5606086056060_慢快动量转折门控.md","migrated_unverified","legacy_raw"
"TERM-20260603T000000Z-mig-H78CD7C1978CD7","平滑上涨","term","平滑上涨","📖 概念\平滑上涨.md","09_术语库\TERM-20260603T000000Z-mig-H78CD7C1978CD7_平滑上涨.md","migrated_unverified","legacy_raw"
"TERM-20260603T000000Z-mig-H8848B3568848B","时间序列动量","term","时间序列动量","📖 概念\时间序列动量.md","09_术语库\TERM-20260603T000000Z-mig-H8848B3568848B_时间序列动量.md","migrated_unverified","legacy_raw"
"TERM-20260603T000000Z-mig-HB907B286B907B","市场状态动量","term","市场状态动量","📖 概念\市场状态动量.md","09_术语库\TERM-20260603T000000Z-mig-HB907B286B907B_市场状态动量.md","migrated_unverified","legacy_raw"
"TERM-20260603T000000Z-mig-H21F8671921F86","市场状态识别","term","市场状态识别","📖 概念\市场状态识别.md","09_术语库\TERM-20260603T000000Z-mig-H21F8671921F86_市场状态识别.md","migrated_unverified","legacy_raw"
"TERM-20260604T000000Z-mig-HA69B2BAAA69B2","市场状态识别与切换门控","term","市场状态识别与切换门控","📖 概念\市场状态识别与切换门控.md","09_术语库\TERM-20260604T000000Z-mig-HA69B2BAAA69B2_市场状态识别与切换门控.md","migrated_unverified","legacy_raw"
"TERM-20260603T000000Z-mig-HD3C3DFE1D3C3D","阴跌状态","term","阴跌状态","📖 概念\阴跌状态.md","09_术语库\TERM-20260603T000000Z-mig-HD3C3DFE1D3C3D_阴跌状态.md","migrated_unverified","legacy_raw"
"TERM-20260603T000000Z-mig-H0619BBC80619B","中期动量","term","中期动量","📖 概念\中期动量.md","09_术语库\TERM-20260603T000000Z-mig-H0619BBC80619B_中期动量.md","migrated_unverified","legacy_raw"
"LIT-20260603T000000Z-mig-2026YYH001V13V22282F","2026_yyh001_七星动量v13阴跌v2","literature","L20260529-002 七星-动量v13-阴跌v2-五年2147%回撤15%","📚 文献\2026_yyh001_七星动量v13阴跌v2.md","06_文献资料\08_已归档\LIT-20260603T000000Z-mig-2026YYH001V13V22282F_L20260529-002七星-动量v13-阴跌v2-五年2147%回撤15%.md","migrated_unverified","legacy_raw"
"MIG-20260603T000000Z-mig-07C58B3","07-市场状态识别专题","archive","市场状态识别专题","📦 归档\07-市场状态识别专题.md","12_归档\旧库迁移原文\MIG-20260603T000000Z-mig-07C58B3_市场状态识别专题.md","migrated_unverified","legacy_raw"
"MIG-20260603T000000Z-mig-10ETFD4789","10-ETF阴跌防守专题","archive","ETF阴跌防守专题","📦 归档\10-ETF阴跌防守专题.md","12_归档\旧库迁移原文\MIG-20260603T000000Z-mig-10ETFD4789_ETF阴跌防守专题.md","migrated_unverified","legacy_raw"
"MIG-20260529T000000Z-mig-BLF2026052900668F30","BLF20260529-006","archive","BLF20260529-006 ETF阴跌防守与动量轮动研究信念","📦 归档\BLF20260529-006_ETF阴跌防守与动量轮动研究信念.md","12_归档\旧库迁移原文\MIG-20260529T000000Z-mig-BLF2026052900668F30_BLF20260529-006ETF阴跌防守与动量轮动研究信念.md","migrated_unverified","legacy_raw"
"MIG-20260603T000000Z-mig-R010A5B305","R010-A","archive","R010-A 市场状态识别规格书","📦 归档\R010-A_市场状态识别规格书.md","12_归档\旧库迁移原文\MIG-20260603T000000Z-mig-R010A5B305_R010-A市场状态识别规格书.md","migrated_unverified","legacy_raw"
"MIG-20260603T000000Z-mig-R010BE9778","R010-B","archive","R010-B ETF双池分级防守规则草案","📦 归档\R010-B_ETF双池分级防守规则草案.md","12_归档\旧库迁移原文\MIG-20260603T000000Z-mig-R010BE9778_R010-BETF双池分级防守规则草案.md","migrated_unverified","legacy_raw"
"MIG-20260603T000000Z-mig-R010B3A2SLOPE004B3CAP90C6BA5","R010B3_A2-slope004与B3-cap90组合候选规格","archive","R010B3 A2-slope004与B3-cap90组合候选规格","📦 归档\R010B3_A2-slope004与B3-cap90组合候选规格.md","12_归档\旧库迁移原文\MIG-20260603T000000Z-mig-R010B3A2SLOPE004B3CAP90C6BA5_R010B3A2-slope004与B3-cap90组合候选规格.md","migrated_unverified","legacy_raw"
"MIG-20260603T000000Z-mig-R010B3B3GATE938DA","R010B3_B3-gate默认关闭观察方案","archive","R010B3 B3-gate默认关闭观察方案","📦 归档\R010B3_B3-gate默认关闭观察方案.md","12_归档\旧库迁移原文\MIG-20260603T000000Z-mig-R010B3B3GATE938DA_R010B3B3-gate默认关闭观察方案.md","migrated_unverified","legacy_raw"
"MIG-20260603T000000Z-mig-R010B4TIEREDV2C0969","R010B4_tiered-v2默认关闭影子观察方案","archive","R010B4 tiered-v2默认关闭影子观察方案","📦 归档\R010B4_tiered-v2默认关闭影子观察方案.md","12_归档\旧库迁移原文\MIG-20260603T000000Z-mig-R010B4TIEREDV2C0969_R010B4tiered-v2默认关闭影子观察方案.md","migrated_unverified","legacy_raw"
"MIG-20260603T000000Z-mig-R010B5R4008A6","R010B5R4_非线性回撤预算默认关闭影子观察方案","archive","R010B5R4 非线性回撤预算默认关闭影子观察方案","📦 归档\R010B5R4_非线性回撤预算默认关闭影子观察方案.md","12_归档\旧库迁移原文\MIG-20260603T000000Z-mig-R010B5R4008A6_R010B5R4非线性回撤预算默认关闭影子观察方案.md","migrated_unverified","legacy_raw"
"MIG-20260531T000000Z-mig-R20260531026B216F","R20260531-026","archive","R20260531-026 防守池分层与吸血撤离信号研究计划","📦 归档\R20260531-026_防守池分层与吸血撤离信号研究计划.md","12_归档\旧库迁移原文\MIG-20260531T000000Z-mig-R20260531026B216F_R20260531-026防守池分层与吸血撤离信号研究计划.md","migrated_unverified","legacy_raw"
"DEC-20260529T000000Z-mig-D20260529R014REVISEBUCKE4EB82","D20260529-R014-revise-bucket-filter","decision","D20260529-R014 阴跌分桶过滤修订","🔀 决策\D20260529-R014-阴跌分桶过滤修订.md","05_研究决策\DEC-20260529T000000Z-mig-D20260529R014REVISEBUCKE4EB82_D20260529-R014阴跌分桶过滤修订.md","migrated_unverified","legacy_raw"
"DEC-20260601T000000Z-mig-D20260601B3GATEOFFLINEOBC62D6","D20260601-B3-gate-offline-observation-replay-focus","decision","D20260601-B3-gate 离线观察复盘聚焦误拦截与漏报","🔀 决策\D20260601-B3-gate离线观察复盘聚焦误拦截与漏报.md","05_研究决策\DEC-20260601T000000Z-mig-D20260601B3GATEOFFLINEOBC62D6_D20260601-B3-gate离线观察复盘聚焦误拦截与漏报.md","migrated_unverified","legacy_raw"
"DEC-20260601T000000Z-mig-D20260601B3GATEBLOCKEDLO7478C","D20260601-B3-gate-blocked-low-top1-slope-2024-pressure-pass","decision","D20260601-B3-gate 误拦截 Top1 斜率放松 2024 压力测试通过","🔀 决策\D20260601-B3-gate误拦截Top1斜率放松2024压力测试通过.md","05_研究决策\DEC-20260601T000000Z-mig-D20260601B3GATEBLOCKEDLO7478C_D20260601-B3-gate误拦截Top1斜率放松2024压力测试通过.md","migrated_unverified","legacy_raw"
"DEC-20260601T000000Z-mig-D20260601B3GATEBLOCKEDLOEB885","D20260601-B3-gate-blocked-low-top1-slope-preregister","decision","D20260601-B3-gate 误拦截 Top1 斜率放松进入预注册","🔀 决策\D20260601-B3-gate误拦截Top1斜率放松进入预注册.md","05_研究决策\DEC-20260601T000000Z-mig-D20260601B3GATEBLOCKEDLOEB885_D20260601-B3-gate误拦截Top1斜率放松进入预注册.md","migrated_unverified","legacy_raw"
"DEC-20260601T000000Z-mig-D20260601R010B3CAP90PREA4C3BC","D20260601-R010B3-cap90-pre-audit","decision","D20260601-R010B3 cap90 进入组合前审计","🔀 决策\D20260601-R010B3-cap90进入组合前审计.md","05_研究决策\DEC-20260601T000000Z-mig-D20260601R010B3CAP90PREA4C3BC_D20260601-R010B3cap90进入组合前审计.md","migrated_unverified","legacy_raw"
"DEC-20260601T000000Z-mig-D20260601R010B3GATEPROMO642D2","D20260601-R010B3-gate-promote","decision","D20260601-R010B3 gate 成为当前主候选","🔀 决策\D20260601-R010B3-gate成为当前主候选.md","05_研究决策\DEC-20260601T000000Z-mig-D20260601R010B3GATEPROMO642D2_D20260601-R010B3gate成为当前主候选.md","migrated_unverified","legacy_raw"
"DEC-20260601T000000Z-mig-D20260601R010B3LIMITED2REC37B","D20260601-R010B3-limited2-revise","decision","D20260601-R010B3 limited2 低扰动不直接采纳","🔀 决策\D20260601-R010B3-limited2低扰动不直接采纳.md","05_研究决策\DEC-20260601T000000Z-mig-D20260601R010B3LIMITED2REC37B_D20260601-R010B3limited2低扰动不直接采纳.md","migrated_unverified","legacy_raw"
"DEC-20260601T000000Z-mig-D20260601R010B4B3GATEF57BE","D20260601-R010B4-B3Gate强度分层","decision","D20260601-R010B4 B3Gate强度分层进入预注册","🔀 决策\D20260601-R010B4-B3Gate强度分层进入预注册.md","05_研究决策\DEC-20260601T000000Z-mig-D20260601R010B4B3GATEF57BE_D20260601-R010B4B3Gate强度分层进入预注册.md","migrated_unverified","legacy_raw"
"DEC-20260601T000000Z-mig-D20260601R010B4TIEREDV2B1C7E","D20260601-R010B4-tiered-v2","decision","D20260601-R010B4 tiered-v2进入预注册","🔀 决策\D20260601-R010B4-tiered-v2进入预注册.md","05_研究决策\DEC-20260601T000000Z-mig-D20260601R010B4TIEREDV2B1C7E_D20260601-R010B4tiered-v2进入预注册.md","migrated_unverified","legacy_raw"
"DEC-20260601T000000Z-mig-D20260601R010B4TIEREDV2L9DDC1","D20260601-R010B4-tiered-v2-live-mapped","decision","D20260601-R010B4 tiered-v2默认关闭映射完成","🔀 决策\D20260601-R010B4-tiered-v2默认关闭映射完成.md","05_研究决策\DEC-20260601T000000Z-mig-D20260601R010B4TIEREDV2L9DDC1_D20260601-R010B4tiered-v2默认关闭映射完成.md","migrated_unverified","legacy_raw"
"DEC-20260601T000000Z-mig-D20260601R010B4TIEREDV2S2C942","D20260601-R010B4-tiered-v2-split-pass","decision","D20260601-R010B4 tiered-v2四段验证通过","🔀 决策\D20260601-R010B4-tiered-v2四段验证通过.md","05_研究决策\DEC-20260601T000000Z-mig-D20260601R010B4TIEREDV2S2C942_D20260601-R010B4tiered-v2四段验证通过.md","migrated_unverified","legacy_raw"
"DEC-20260601T000000Z-mig-D20260601R010B4TIEREDV2S038BC","D20260601-R010B4-tiered-v2-shadow-observe","decision","D20260601-R010B4 tiered-v2影子观察方案建立","🔀 决策\D20260601-R010B4-tiered-v2影子观察方案建立.md","05_研究决策\DEC-20260601T000000Z-mig-D20260601R010B4TIEREDV2S038BC_D20260601-R010B4tiered-v2影子观察方案建立.md","migrated_unverified","legacy_raw"
"DEC-20260602T000000Z-mig-D20260602B3GATEBLOCKEDLOD63E8","D20260602-B3-gate-blocked-low-top1-slope-split-pressure","decision","D20260602-B3-gate 误拦截 Top1 斜率放松四段压力测试完成","🔀 决策\D20260602-B3-gate误拦截Top1斜率放松四段压力测试完成.md","05_研究决策\DEC-20260602T000000Z-mig-D20260602B3GATEBLOCKEDLOD63E8_D20260602-B3-gate误拦截Top1斜率放松四段压力测试完成.md","migrated_unverified","legacy_raw"
"DEC-20260602T000000Z-mig-D20260602B3GATEBLOCKEDLO88061","D20260602-B3-gate-blocked-low-top1-slope-harm-attribution","decision","D20260602-B3-gate 误拦截 Top1 斜率放松误伤归因完成","🔀 决策\D20260602-B3-gate误拦截Top1斜率放松误伤归因完成.md","05_研究决策\DEC-20260602T000000Z-mig-D20260602B3GATEBLOCKEDLO88061_D20260602-B3-gate误拦截Top1斜率放松误伤归因完成.md","migrated_unverified","legacy_raw"
"DEC-20260602T000000Z-mig-D20260602M002ETFFAMILYST9075B","D20260602-M002-etf-family-state-attribution","decision","D20260602-M002 ETF族状态归因首轮完成","🔀 决策\D20260602-M002-ETF族状态归因首轮完成.md","05_研究决策\DEC-20260602T000000Z-mig-D20260602M002ETFFAMILYST9075B_D20260602-M002ETF族状态归因首轮完成.md","migrated_unverified","legacy_raw"
"DEC-20260602T000000Z-mig-D20260602M003NONETFEQUITD2ACA","D20260602-M003-non-etf-equity-discovery","decision","D20260602-M003 非ETF可比净值候选发现完成","🔀 决策\D20260602-M003-非ETF可比净值候选发现完成.md","05_研究决策\DEC-20260602T000000Z-mig-D20260602M003NONETFEQUITD2ACA_D20260602-M003非ETF可比净值候选发现完成.md","migrated_unverified","legacy_raw"
"DEC-20260602T000000Z-mig-D20260602M004NONETFCONFI00E8E","D20260602-M004-non-etf-config-audit-done","decision","D20260602-M004 非ETF候选配置审计完成","🔀 决策\D20260602-M004-非ETF候选配置审计完成.md","05_研究决策\DEC-20260602T000000Z-mig-D20260602M004NONETFCONFI00E8E_D20260602-M004非ETF候选配置审计完成.md","migrated_unverified","legacy_raw"
"DEC-20260602T000000Z-mig-D20260602M004NONETFFULLC2EA04","D20260602-M004-non-etf-full-cycle-baseline-prereg","decision","D20260602-M004 非ETF全周期基准净值补齐进入预注册","🔀 决策\D20260602-M004-非ETF全周期基准净值补齐进入预注册.md","05_研究决策\DEC-20260602T000000Z-mig-D20260602M004NONETFFULLC2EA04_D20260602-M004非ETF全周期基准净值补齐进入预注册.md","migrated_unverified","legacy_raw"
"DEC-20260602T000000Z-mig-D20260602R010B2A2SECONDLF0342","D20260602-R010B2-A2-second-level-gate-profit-patch-only","decision","D20260602-R010B2 A2二级观察门控仅收益修补观察","🔀 决策\D20260602-R010B2-A2二级观察门控仅收益修补观察.md","05_研究决策\DEC-20260602T000000Z-mig-D20260602R010B2A2SECONDLF0342_D20260602-R010B2A2二级观察门控仅收益修补观察.md","migrated_unverified","legacy_raw"
"DEC-20260602T000000Z-mig-D20260602R010B4TIEREDV2L1E7FB","D20260602-R010B4-tiered-v2-live-enabled","decision","D20260602-R010B4 tiered-v2实盘启用","🔀 决策\D20260602-R010B4-tiered-v2实盘启用.md","05_研究决策\DEC-20260602T000000Z-mig-D20260602R010B4TIEREDV2L1E7FB_D20260602-R010B4tiered-v2实盘启用.md","migrated_unverified","legacy_raw"
"DEC-20260602T000000Z-mig-D20260602R010B5R1NONLINEF8DDA","D20260602-R010B5R1-nonlinear-drawdown-proxy","decision","D20260602-R010B5R1 非线性组合回撤预算代理审计通过","🔀 决策\D20260602-R010B5R1-非线性组合回撤预算代理审计通过.md","05_研究决策\DEC-20260602T000000Z-mig-D20260602R010B5R1NONLINEF8DDA_D20260602-R010B5R1非线性组合回撤预算代理审计通过.md","migrated_unverified","legacy_raw"
"DEC-20260602T000000Z-mig-D20260602R010B5R2FOURSEG7D2AC","D20260602-R010B5R2-four-segment-true-path","decision","D20260602-R010B5R2 非线性回撤预算四段真实路径验证通过","🔀 决策\D20260602-R010B5R2-非线性回撤预算四段真实路径验证通过.md","05_研究决策\DEC-20260602T000000Z-mig-D20260602R010B5R2FOURSEG7D2AC_D20260602-R010B5R2非线性回撤预算四段真实路径验证通过.md","migrated_unverified","legacy_raw"
"DEC-20260602T000000Z-mig-D20260602R010B5R2TRUEPATA762D","D20260602-R010B5R2-true-path-2024-smoke","decision","D20260602-R010B5R2 非线性回撤预算真实路径2024 Smoke通过","🔀 决策\D20260602-R010B5R2-非线性回撤预算真实路径2024Smoke通过.md","05_研究决策\DEC-20260602T000000Z-mig-D20260602R010B5R2TRUEPATA762D_D20260602-R010B5R2非线性回撤预算真实路径2024Smoke通过.md","migrated_unverified","legacy_raw"
"DEC-20260602T000000Z-mig-D20260602R010B5R3PARTIAL43303","D20260602-R010B5R3-partial-replacement-boundary","decision","D20260602-R010B5R3 部分替代边界定义","🔀 决策\D20260602-R010B5R3-部分替代边界定义.md","05_研究决策\DEC-20260602T000000Z-mig-D20260602R010B5R3PARTIAL43303_D20260602-R010B5R3部分替代边界定义.md","migrated_unverified","legacy_raw"
"DEC-20260602T000000Z-mig-D20260602R010B5R3SENSITI27753","D20260602-R010B5R3-sensitivity-cost-2024-smoke-pass","decision","D20260602-R010B5R3 参数敏感性与成本扰动2024Smoke通过","🔀 决策\D20260602-R010B5R3-参数敏感性与成本扰动2024Smoke通过.md","05_研究决策\DEC-20260602T000000Z-mig-D20260602R010B5R3SENSITI27753_D20260602-R010B5R3参数敏感性与成本扰动2024Smoke通过.md","migrated_unverified","legacy_raw"
"DEC-20260602T000000Z-mig-D20260602R010B5R3SENSITI8D8AD","D20260602-R010B5R3-sensitivity-cost-prereg","decision","D20260602-R010B5R3 参数敏感性与成本扰动预注册完成","🔀 决策\D20260602-R010B5R3-参数敏感性与成本扰动预注册完成.md","05_研究决策\DEC-20260602T000000Z-mig-D20260602R010B5R3SENSITI8D8AD_D20260602-R010B5R3参数敏感性与成本扰动预注册完成.md","migrated_unverified","legacy_raw"
"DEC-20260602T000000Z-mig-D20260602R010B5R3FOURSEG046CD","D20260602-R010B5R3-four-segment-sensitivity-cost-pass","decision","D20260602-R010B5R3 四段敏感性与成本扰动通过","🔀 决策\D20260602-R010B5R3-四段敏感性与成本扰动通过.md","05_研究决策\DEC-20260602T000000Z-mig-D20260602R010B5R3FOURSEG046CD_D20260602-R010B5R3四段敏感性与成本扰动通过.md","migrated_unverified","legacy_raw"
"DEC-20260602T000000Z-mig-D20260602R010B5R4SHADOWO5E0B7","D20260602-R010B5R4-shadow-observation-preregistered","decision","D20260602-R010B5R4 默认关闭影子观察预注册完成","🔀 决策\D20260602-R010B5R4-默认关闭影子观察预注册完成.md","05_研究决策\DEC-20260602T000000Z-mig-D20260602R010B5R4SHADOWO5E0B7_D20260602-R010B5R4默认关闭影子观察预注册完成.md","migrated_unverified","legacy_raw"
"DEC-20260602T000000Z-mig-D20260602R010B5R4FIELDAU83966","D20260602-R010B5R4-field-audit-first-pass","decision","D20260602-R010B5R4 平台字段审计首轮完成","🔀 决策\D20260602-R010B5R4-平台字段审计首轮完成.md","05_研究决策\DEC-20260602T000000Z-mig-D20260602R010B5R4FIELDAU83966_D20260602-R010B5R4平台字段审计首轮完成.md","migrated_unverified","legacy_raw"
"DEC-20260602T000000Z-mig-D20260602R010B5R4SHADOWL49DD5","D20260602-R010B5R4-shadow-log-2024-smoke-pass","decision","D20260602-R010B5R4 影子日志2024 Smoke通过","🔀 决策\D20260602-R010B5R4-影子日志2024Smoke通过.md","05_研究决策\DEC-20260602T000000Z-mig-D20260602R010B5R4SHADOWL49DD5_D20260602-R010B5R4影子日志2024Smoke通过.md","migrated_unverified","legacy_raw"
"DEC-20260602T000000Z-mig-D20260602R010B5DRAWDOWNB19A21","D20260602-R010B5-drawdown-budget-proxy","decision","D20260602-R010B5 组合回撤预算动态缩放代理审计完成","🔀 决策\D20260602-R010B5-组合回撤预算动态缩放代理审计完成.md","05_研究决策\DEC-20260602T000000Z-mig-D20260602R010B5DRAWDOWNB19A21_D20260602-R010B5组合回撤预算动态缩放代理审计完成.md","migrated_unverified","legacy_raw"
"DEC-20260602T000000Z-mig-D20260602R010C1A0EXHAUSTA7485","D20260602-R010C1-A0-exhaustion-log-only","decision","D20260602-R010C1 A0失速预警仅日志层","🔀 决策\D20260602-R010C1-A0失速预警仅日志层.md","05_研究决策\DEC-20260602T000000Z-mig-D20260602R010C1A0EXHAUSTA7485_D20260602-R010C1A0失速预警仅日志层.md","migrated_unverified","legacy_raw"
"DEC-20260602T000000Z-mig-D20260602R020B3COVERAGEGDF624","D20260602-R020-B3-coverage-gap-review","decision","D20260602-R020 B3 覆盖率缺口复盘完成","🔀 决策\D20260602-R020-B3覆盖率缺口复盘完成.md","05_研究决策\DEC-20260602T000000Z-mig-D20260602R020B3COVERAGEGDF624_D20260602-R020B3覆盖率缺口复盘完成.md","migrated_unverified","legacy_raw"
"DEC-20260603T000000Z-mig-D20260603R010B5R4SHADOWFE1B67","D20260603-R010B5R4-shadow-four-segment-event-proxy-observe","decision","D20260603-R010B5R4 四段Shadow审计通过事件代理观察中","🔀 决策\D20260603-R010B5R4-四段Shadow审计通过事件代理观察中.md","05_研究决策\DEC-20260603T000000Z-mig-D20260603R010B5R4SHADOWFE1B67_D20260603-R010B5R4四段Shadow审计通过事件代理观察中.md","migrated_unverified","legacy_raw"
"DEC-20260603T000000Z-mig-D20260603R010B5R5R1FAILU487EB","D20260603-R010B5R5R1-failure-attribution-revision-preregistered","decision","D20260603-R010B5R5R1 失败归因与公式修订预注册完成","🔀 决策\D20260603-R010B5R5R1-失败归因与公式修订预注册完成.md","05_研究决策\DEC-20260603T000000Z-mig-D20260603R010B5R5R1FAILU487EB_D20260603-R010B5R5R1失败归因与公式修订预注册完成.md","migrated_unverified","legacy_raw"
"DEC-20260603T000000Z-mig-D20260603R010B5R5R1SUBSE1008B","D20260603-R010B5R5R1-subset-strict-review-observe","decision","D20260603-R010B5R5R1 窄条件严格复核观察级完成","🔀 决策\D20260603-R010B5R5R1-窄条件严格复核观察级完成.md","05_研究决策\DEC-20260603T000000Z-mig-D20260603R010B5R5R1SUBSE1008B_D20260603-R010B5R5R1窄条件严格复核观察级完成.md","migrated_unverified","legacy_raw"
"DEC-20260603T000000Z-mig-D20260603R010B5R5R2ENVLOF1A70","D20260603-R010B5R5R2-env-logging-fields-ready","decision","D20260603 R010B5R5R2 事件环境字段日志补全完成","🔀 决策\D20260603-R010B5R5R2-事件环境字段日志补全完成.md","05_研究决策\DEC-20260603T000000Z-mig-D20260603R010B5R5R2ENVLOF1A70_D20260603R010B5R5R2事件环境字段日志补全完成.md","migrated_unverified","legacy_raw"
"DEC-20260603T000000Z-mig-D20260603R010B5R5R2NEWSH6982C","D20260603-R010B5R5R2-new-shadow-low-median-ret-observe","decision","D20260603 R010B5R5R2 新样本复核与低MedianRet观察","🔀 决策\D20260603-R010B5R5R2-新样本复核与低MedianRet观察.md","05_研究决策\DEC-20260603T000000Z-mig-D20260603R010B5R5R2NEWSH6982C_D20260603R010B5R5R2新样本复核与低MedianRet观察.md","migrated_unverified","legacy_raw"
"DEC-20260603T000000Z-mig-D20260603R010B5R5R3LOWME6E2D0","D20260603-R010B5R5R3-low-median-ret-strict-review","decision","D20260603-R010B5R5R3 低MedianRet条件只读复核完成","🔀 决策\D20260603-R010B5R5R3-低MedianRet条件只读复核完成.md","05_研究决策\DEC-20260603T000000Z-mig-D20260603R010B5R5R3LOWME6E2D0_D20260603-R010B5R5R3低MedianRet条件只读复核完成.md","migrated_unverified","legacy_raw"
"DEC-20260603T000000Z-mig-D20260603R010B5R5R4LOWME395CD","D20260603-R010B5R5R4-low-median-oos-prereg","decision","D20260603-R010B5R5R4 低MedianRet样本外复核预注册完成","🔀 决策\D20260603-R010B5R5R4-低MedianRet样本外复核预注册完成.md","05_研究决策\DEC-20260603T000000Z-mig-D20260603R010B5R5R4LOWME395CD_D20260603-R010B5R5R4低MedianRet样本外复核预注册完成.md","migrated_unverified","legacy_raw"
"DEC-20260603T000000Z-mig-D20260603R010B5R5COUNTERFCF13","D20260603-R010B5R5-counterfactual-audit-failed","decision","D20260603-R010B5R5 严格Counterfactual审计未通过","🔀 决策\D20260603-R010B5R5-严格Counterfactual审计未通过.md","05_研究决策\DEC-20260603T000000Z-mig-D20260603R010B5R5COUNTERFCF13_D20260603-R010B5R5严格Counterfactual审计未通过.md","migrated_unverified","legacy_raw"
"DEC-20260603T000000Z-mig-D20260603R010B5R5COUNTER8ACDD","D20260603-R010B5R5-counterfactual-preregistered","decision","D20260603-R010B5R5 严格Counterfactual预注册完成","🔀 决策\D20260603-R010B5R5-严格Counterfactual预注册完成.md","05_研究决策\DEC-20260603T000000Z-mig-D20260603R010B5R5COUNTER8ACDD_D20260603-R010B5R5严格Counterfactual预注册完成.md","migrated_unverified","legacy_raw"
"DEC-20260603T000000Z-mig-D20260603R010B5S1FORMULAFC5A7","D20260603-R010B5S1-formula-component-map","decision","D20260603-R010B5S1 非线性仓位公式组件映射完成","🔀 决策\D20260603-R010B5S1-非线性仓位公式组件映射完成.md","05_研究决策\DEC-20260603T000000Z-mig-D20260603R010B5S1FORMULAFC5A7_D20260603-R010B5S1非线性仓位公式组件映射完成.md","migrated_unverified","legacy_raw"
"DEC-20260603T000000Z-mig-D20260603R010B5S2COMPONEAA806","D20260603-R010B5S2-component-readonly-audit","decision","D20260603-R010B5S2 波动率项与资金曲线状态组件级只读审计预注册完成","🔀 决策\D20260603-R010B5S2-波动率项与资金曲线状态组件级只读审计预注册完成.md","05_研究决策\DEC-20260603T000000Z-mig-D20260603R010B5S2COMPONEAA806_D20260603-R010B5S2波动率项与资金曲线状态组件级只读审计预注册完成.md","migrated_unverified","legacy_raw"
"DEC-20260603T000000Z-mig-D20260603R010B5S3COMPONE981BE","D20260603-R010B5S3-component-diagnostics","decision","D20260603-R010B5S3 波动率状态与资金曲线修复组件诊断预注册完成","🔀 决策\D20260603-R010B5S3-波动率状态与资金曲线修复组件诊断预注册完成.md","05_研究决策\DEC-20260603T000000Z-mig-D20260603R010B5S3COMPONE981BE_D20260603-R010B5S3波动率状态与资金曲线修复组件诊断预注册完成.md","migrated_unverified","legacy_raw"
"DEC-20260603T000000Z-mig-D20260603R010B5S4FORWARDAB15D","D20260603-R010B5S4-forward-sample-readiness","decision","D20260603-R010B5S4 前向样本可用性审计完成","🔀 决策\D20260603-R010B5S4-前向样本可用性审计完成.md","05_研究决策\DEC-20260603T000000Z-mig-D20260603R010B5S4FORWARDAB15D_D20260603-R010B5S4前向样本可用性审计完成.md","migrated_unverified","legacy_raw"
"DEC-20260604T000000Z-mig-D20260604INTRADAY003ETFED8483","D20260604-INTRADAY-003-etf-execution-window-size-tier-candidate","decision","D20260604-INTRADAY-003 ETF专项执行窗口进入订单规模分层候选","🔀 决策\D20260604-INTRADAY-003-ETF专项执行窗口进入订单规模分层候选.md","05_研究决策\DEC-20260604T000000Z-mig-D20260604INTRADAY003ETFED8483_D20260604-INTRADAY-003ETF专项执行窗口进入订单规模分层候选.md","migrated_unverified","legacy_raw"
"DEC-20260604T000000Z-mig-D20260604INTRADAY004ETFDA093F","D20260604-INTRADAY-004-etf-dual-pool-trade-timing-change-rejected","decision","D20260604-INTRADAY-004 ETF双池买卖时机调整否决","🔀 决策\D20260604-INTRADAY-004-ETF双池买卖时机调整否决.md","05_研究决策\DEC-20260604T000000Z-mig-D20260604INTRADAY004ETFDA093F_D20260604-INTRADAY-004ETF双池买卖时机调整否决.md","migrated_unverified","legacy_raw"
"DEC-20260604T000000Z-mig-D20260604R010A4R1DEFAULT94761","D20260604-R010A4R1-default-off-implementation-audit-pass","decision","D20260604-R010A4R1 默认关闭实现审计通过","🔀 决策\D20260604-R010A4R1-默认关闭实现审计通过.md","05_研究决策\DEC-20260604T000000Z-mig-D20260604R010A4R1DEFAULT94761_D20260604-R010A4R1默认关闭实现审计通过.md","migrated_unverified","legacy_raw"
"DEC-20260604T000000Z-mig-D20260604R010A4S22024SMO7A618","D20260604-R010A4S2-2024-smoke-no-trade-edge","decision","D20260604-R010A4S2 2024Smoke无交易边际","🔀 决策\D20260604-R010A4S2-2024Smoke无交易边际.md","05_研究决策\DEC-20260604T000000Z-mig-D20260604R010A4S22024SMO7A618_D20260604-R010A4S22024Smoke无交易边际.md","migrated_unverified","legacy_raw"
"DEC-20260604T000000Z-mig-D20260604R010A4S3SIMPLES1E0EB","D20260604-R010A4S3-simple-soft-score-no-backtest","decision","D20260604-R010A4S3 简单软排序候选暂不回测","🔀 决策\D20260604-R010A4S3-简单软排序候选暂不回测.md","05_研究决策\DEC-20260604T000000Z-mig-D20260604R010A4S3SIMPLES1E0EB_D20260604-R010A4S3简单软排序候选暂不回测.md","migrated_unverified","legacy_raw"
"DEC-20260604T000000Z-mig-D20260604R010A4S4TOP1FAS08CF8","D20260604-R010A4S4-top1-fast-weak-promote-s5","decision","D20260604-R010A4S4 Top1近端衰竭替换候选进入S5","🔀 决策\D20260604-R010A4S4-Top1近端衰竭替换候选进入S5.md","05_研究决策\DEC-20260604T000000Z-mig-D20260604R010A4S4TOP1FAS08CF8_D20260604-R010A4S4Top1近端衰竭替换候选进入S5.md","migrated_unverified","legacy_raw"
"DEC-20260604T000000Z-mig-D20260604R010A4S5OOSREJED236E","D20260604-R010A4S5-oos-reject-trade-promotion","decision","D20260604-R010A4S5 OOS否决交易化保留默认关闭","🔀 决策\D20260604-R010A4S5-OOS否决交易化保留默认关闭.md","05_研究决策\DEC-20260604T000000Z-mig-D20260604R010A4S5OOSREJED236E_D20260604-R010A4S5OOS否决交易化保留默认关闭.md","migrated_unverified","legacy_raw"
"DEC-20260604T000000Z-mig-D20260604R010A4S5TOP1FAS19CC2","D20260604-R010A4S5-top1-fast-weak-promote-oos","decision","D20260604-R010A4S5 Top1近端衰竭替换进入OOS默认关闭验证","🔀 决策\D20260604-R010A4S5-Top1近端衰竭替换进入OOS默认关闭验证.md","05_研究决策\DEC-20260604T000000Z-mig-D20260604R010A4S5TOP1FAS19CC2_D20260604-R010A4S5Top1近端衰竭替换进入OOS默认关闭验证.md","migrated_unverified","legacy_raw"
"DEC-20260604T000000Z-mig-D20260604R010A4S6ARCHIVEB4BBD","D20260604-R010A4S6-archive-readonly-diagnostic","decision","D20260604-R010A4S6 R010A4交易路径归档为只读诊断","🔀 决策\D20260604-R010A4S6-R010A4交易路径归档为只读诊断.md","05_研究决策\DEC-20260604T000000Z-mig-D20260604R010A4S6ARCHIVEB4BBD_D20260604-R010A4S6R010A4交易路径归档为只读诊断.md","migrated_unverified","legacy_raw"
"DEC-20260604T000000Z-mig-D20260604R010A4SOFTRANKF4520F","D20260604-R010A4-soft-rank-field-implementation-audit","decision","D20260604-R010A4 软排序字段实现审计完成","🔀 决策\D20260604-R010A4-软排序字段实现审计完成.md","05_研究决策\DEC-20260604T000000Z-mig-D20260604R010A4SOFTRANKF4520F_D20260604-R010A4软排序字段实现审计完成.md","migrated_unverified","legacy_raw"
"DEC-20260604T000000Z-mig-D20260604R010A5A2FILTERTB61F2","D20260604-R010A5-A2-filter-thin-antichurn-shadow","decision","D20260604-R010A5 A2过滤层稀薄换仓进入默认关闭Shadow","🔀 决策\D20260604-R010A5-A2过滤层稀薄换仓进入默认关闭Shadow.md","05_研究决策\DEC-20260604T000000Z-mig-D20260604R010A5A2FILTERTB61F2_D20260604-R010A5A2过滤层稀薄换仓进入默认关闭Shadow.md","migrated_unverified","legacy_raw"
"DEC-20260604T000000Z-mig-D20260604R010A6S3KEEPCURF40D7","D20260604-R010A6S3-keep-current-path-attribution","decision","D20260604-R010A6S3 保持旧仓失败归因为替代路径错误","🔀 决策\D20260604-R010A6S3-保持旧仓失败归因为替代路径错误.md","05_研究决策\DEC-20260604T000000Z-mig-D20260604R010A6S3KEEPCURF40D7_D20260604-R010A6S3保持旧仓失败归因为替代路径错误.md","migrated_unverified","legacy_raw"
"DEC-20260604T000000Z-mig-D20260604R010A6FILTERTHIF1C3F","D20260604-R010A6-filter-thin-keep-current-smoke-reject","decision","D20260604-R010A6 过滤层稀薄保持旧仓2024Smoke否决","🔀 决策\D20260604-R010A6-过滤层稀薄保持旧仓2024Smoke否决.md","05_研究决策\DEC-20260604T000000Z-mig-D20260604R010A6FILTERTHIF1C3F_D20260604-R010A6过滤层稀薄保持旧仓2024Smoke否决.md","migrated_unverified","legacy_raw"
"DEC-20260604T000000Z-mig-D20260604R010A7FILTERTHIE012B","D20260604-R010A7-filter-thin-alternative-target-readonly-reject","decision","D20260604-R010A7 过滤层稀薄替代目标只读否决","🔀 决策\D20260604-R010A7-过滤层稀薄替代目标只读否决.md","05_研究决策\DEC-20260604T000000Z-mig-D20260604R010A7FILTERTHIE012B_D20260604-R010A7过滤层稀薄替代目标只读否决.md","migrated_unverified","legacy_raw"
"DEC-20260604T000000Z-mig-D20260604R010A8FILTERTHI98CD9","D20260604-R010A8-filter-thin-top2-ret5-positive-top3-smoke-candidate","decision","D20260604-R010A8 过滤层稀薄Top2正ret5时Top3替代进入Smoke候选","🔀 决策\D20260604-R010A8-过滤层稀薄Top2正ret5时Top3替代进入Smoke候选.md","05_研究决策\DEC-20260604T000000Z-mig-D20260604R010A8FILTERTHI98CD9_D20260604-R010A8过滤层稀薄Top2正ret5时Top3替代进入Smoke候选.md","migrated_unverified","legacy_raw"
"DEC-20260605T000000Z-mig-D20260605R010A10A2LOWDIS81A24","D20260605-R010A10-a2-low-disp-small-gap-delay-shadow-candidate","decision","D20260605 R010A10 A2 换仓低离散小差距延迟确认进入默认关闭 Shadow 候选","🔀 决策\D20260605-R010A10-A2换仓低离散小差距延迟确认进入默认关闭Shadow候选.md","05_研究决策\DEC-20260605T000000Z-mig-D20260605R010A10A2LOWDIS81A24_D20260605R010A10A2换仓低离散小差距延迟确认进入默认关闭Shadow候选.md","migrated_unverified","legacy_raw"
"DEC-20260605T000000Z-mig-D20260605R010A10S1SHADOW67360","D20260605-R010A10S1-shadow-isolation-pass-low-trigger-capacity","decision","D20260605 R010A10S1 Shadow 四分段隔离通过但触发容量不足","🔀 决策\D20260605-R010A10S1-Shadow四分段隔离通过但触发容量不足.md","05_研究决策\DEC-20260605T000000Z-mig-D20260605R010A10S1SHADOW67360_D20260605R010A10S1Shadow四分段隔离通过但触发容量不足.md","migrated_unverified","legacy_raw"
"DEC-20260605T000000Z-mig-D20260605R010A120020A499","D20260605-R010A12-002","decision","D20260605-R010A12-002 lit_gate6 正式首轮转风险优先候选","🔀 决策\D20260605-R010A12-002-lit_gate6正式首轮转风险优先候选.md","05_研究决策\DEC-20260605T000000Z-mig-D20260605R010A120020A499_D20260605-R010A12-002lit_gate6正式首轮转风险优先候选.md","migrated_unverified","legacy_raw"
"DEC-20260605T000000Z-mig-D20260605R010A120034C556","D20260605-R010A12-003","decision","D20260605-R010A12-003 lit_gate6 四段验证不替代 hard5","🔀 决策\D20260605-R010A12-003-lit_gate6四段验证不替代hard5.md","05_研究决策\DEC-20260605T000000Z-mig-D20260605R010A120034C556_D20260605-R010A12-003lit_gate6四段验证不替代hard5.md","migrated_unverified","legacy_raw"
"DEC-20260605T000000Z-mig-D20260605R010A12001B6233","D20260605-R010A12-001","decision","D20260605-R010A12 顶刊文献过热门控进入 formal 候选","🔀 决策\D20260605-R010A12-顶刊文献过热门控进入formal候选.md","05_研究决策\DEC-20260605T000000Z-mig-D20260605R010A12001B6233_D20260605-R010A12顶刊文献过热门控进入formal候选.md","migrated_unverified","legacy_raw"
"DEC-20260605T000000Z-mig-D20260605R010A9S3SHADOW25138E","D20260605-R010A9S3-shadow-2024-smoke-pass-no-live","decision","D20260605-R010A9S3 Shadow 2024 Smoke 交易隔离通过","🔀 决策\D20260605-R010A9S3-Shadow2024Smoke交易隔离通过.md","05_研究决策\DEC-20260605T000000Z-mig-D20260605R010A9S3SHADOW25138E_D20260605-R010A9S3Shadow2024Smoke交易隔离通过.md","migrated_unverified","legacy_raw"
"DEC-20260605T000000Z-mig-D20260605R010A9S3SHADOWME239F","D20260605-R010A9S3-shadow-multisegment-smoke-pass-no-live","decision","D20260605-R010A9S3 Shadow 多分段 Smoke 交易隔离通过","🔀 决策\D20260605-R010A9S3-Shadow多分段Smoke交易隔离通过.md","05_研究决策\DEC-20260605T000000Z-mig-D20260605R010A9S3SHADOWME239F_D20260605-R010A9S3Shadow多分段Smoke交易隔离通过.md","migrated_unverified","legacy_raw"
"DEC-20260605T000000Z-mig-D20260605R010A9S3SHADOWF15A7F","D20260605-R010A9S3-shadow-four-segment-pass-no-live","decision","D20260605-R010A9S3 Shadow 四分段全覆盖交易隔离通过","🔀 决策\D20260605-R010A9S3-Shadow四分段全覆盖交易隔离通过.md","05_研究决策\DEC-20260605T000000Z-mig-D20260605R010A9S3SHADOWF15A7F_D20260605-R010A9S3Shadow四分段全覆盖交易隔离通过.md","migrated_unverified","legacy_raw"
"DEC-20260605T000000Z-mig-D20260605R010A9S3NEGATIV01981","D20260605-R010A9S3-negative-trigger-guard-no-promotion","decision","D20260605-R010A9S3 负贡献收窄规则暂不推进","🔀 决策\D20260605-R010A9S3-负贡献收窄规则暂不推进.md","05_研究决策\DEC-20260605T000000Z-mig-D20260605R010A9S3NEGATIV01981_D20260605-R010A9S3负贡献收窄规则暂不推进.md","migrated_unverified","legacy_raw"
"DEC-20260605T000000Z-mig-D20260605R010A9S3FILTERT522F8","D20260605-R010A9-S3-filter-thin-top3-default-off-candidate","decision","D20260605-R010A9 S3 过滤层稀薄 Top3 替代进入默认关闭候选","🔀 决策\D20260605-R010A9-S3过滤层稀薄Top3替代进入默认关闭候选.md","05_研究决策\DEC-20260605T000000Z-mig-D20260605R010A9S3FILTERT522F8_D20260605-R010A9S3过滤层稀薄Top3替代进入默认关闭候选.md","migrated_unverified","legacy_raw"
"DEC-20260605T000000Z-mig-D20260605R010A9S3PROMOTEA1784","D20260605-R010A9S3-promote-shadow-observation-no-live","decision","D20260605-R010A9S3 进入默认关闭 Shadow 观察规格","🔀 决策\D20260605-R010A9S3-进入默认关闭Shadow观察规格.md","05_研究决策\DEC-20260605T000000Z-mig-D20260605R010A9S3PROMOTEA1784_D20260605-R010A9S3进入默认关闭Shadow观察规格.md","migrated_unverified","legacy_raw"
"DEC-20260605T000000Z-mig-D20260605R010A9S3EVENTTRFF926","D20260605-R010A9S3-event-tradability-review-no-live","decision","D20260605-R010A9S3 十五触发成交可用性复核暂不实盘","🔀 决策\D20260605-R010A9S3-十五触发成交可用性复核暂不实盘.md","05_研究决策\DEC-20260605T000000Z-mig-D20260605R010A9S3EVENTTRFF926_D20260605-R010A9S3十五触发成交可用性复核暂不实盘.md","migrated_unverified","legacy_raw"
"DEC-20260605T000000Z-mig-D20260605R010A9S3PREVISIBED4A","D20260605-R010A9S3-previsible-capacity-guard-preregister","decision","D20260605-R010A9S3 预可见容量护栏进入预注册候选","🔀 决策\D20260605-R010A9S3-预可见容量护栏进入预注册候选.md","05_研究决策\DEC-20260605T000000Z-mig-D20260605R010A9S3PREVISIBED4A_D20260605-R010A9S3预可见容量护栏进入预注册候选.md","migrated_unverified","legacy_raw"
"DEC-20260605T000000Z-mig-D20260605R010A9S4HOTBRAN07EE6","D20260605-R010A9S4-hot-branch-2024-smoke-reject","decision","D20260605-R010A9S4 高热度窄主线热分支 2024 Smoke 否决","🔀 决策\D20260605-R010A9S4-高热度窄主线热分支2024Smoke否决.md","05_研究决策\DEC-20260605T000000Z-mig-D20260605R010A9S4HOTBRAN07EE6_D20260605-R010A9S4高热度窄主线热分支2024Smoke否决.md","migrated_unverified","legacy_raw"
"DEC-20260605T000000Z-mig-D20260605R010A9S5LIVEREACBC67","D20260605-R010A9S5-live-readiness-keep-shadow","decision","D20260605 R010A9S5 Live-Readiness 未通过保持 Shadow","🔀 决策\D20260605-R010A9S5-LiveReadiness未通过保持Shadow.md","05_研究决策\DEC-20260605T000000Z-mig-D20260605R010A9S5LIVEREACBC67_D20260605R010A9S5Live-Readiness未通过保持Shadow.md","migrated_unverified","legacy_raw"
"DEC-20260605T000000Z-mig-D20260605R010A9S5SECONDGA3C4D","D20260605-R010A9S5-second-guard-weak-preregister","decision","D20260605 R010A9S5 二级护栏弱候选进入预注册不交易化","🔀 决策\D20260605-R010A9S5-二级护栏弱候选进入预注册不交易化.md","05_研究决策\DEC-20260605T000000Z-mig-D20260605R010A9S5SECONDGA3C4D_D20260605R010A9S5二级护栏弱候选进入预注册不交易化.md","migrated_unverified","legacy_raw"
"DEC-20260605T000000Z-mig-D20260605R010A9S5CAPACIT8C374","D20260605-R010A9S5-capacity-shadow-isolation-pass","decision","D20260605 R010A9S5 容量护栏 Shadow 通过四分段隔离","🔀 决策\D20260605-R010A9S5-容量护栏Shadow通过四分段隔离.md","05_研究决策\DEC-20260605T000000Z-mig-D20260605R010A9S5CAPACIT8C374_D20260605R010A9S5容量护栏Shadow通过四分段隔离.md","migrated_unverified","legacy_raw"
"DEC-20260605T000000Z-mig-D20260605R010A9S6SHADOWI6363E","D20260605-R010A9S6-shadow-isolation-pass-no-live","decision","D20260605 R010A9S6 二级护栏 Shadow 通过四分段隔离但不交易化","🔀 决策\D20260605-R010A9S6-二级护栏Shadow通过四分段隔离但不交易化.md","05_研究决策\DEC-20260605T000000Z-mig-D20260605R010A9S6SHADOWI6363E_D20260605R010A9S6二级护栏Shadow通过四分段隔离但不交易化.md","migrated_unverified","legacy_raw"
"MIG-20260603T000000Z-mig-1ETFB19AE","批次1-ETF动量轮动","archive","第一批期刊灵感索引","🔗 文献映射\批次1-ETF动量轮动.md","12_归档\旧库迁移原文\MIG-20260603T000000Z-mig-1ETFB19AE_第一批期刊灵感索引.md","migrated_unverified","legacy_raw"
"MIG-20260603T000000Z-mig-3R010D5F439","批次3-R010D落地","archive","第三批顶刊灵感索引：R010-D适配","🔗 文献映射\批次3-R010D落地.md","12_归档\旧库迁移原文\MIG-20260603T000000Z-mig-3R010D5F439_第三批顶刊灵感索引：R010-D适配.md","migrated_unverified","legacy_raw"
"EX-20260521T000000Z-mig-R2026052100171186","R20260521-001","experiment","R20260521-001 ETF双池波动率缩放仓位","🧪 实验\R20260521-001_ETF双池波动率缩放仓位.md","04_实验记录\EX-20260521T000000Z-mig-R2026052100171186_R20260521-001ETF双池波动率缩放仓位.md","migrated_unverified","legacy_raw"
"EX-20260521T000000Z-mig-R20260521002E8F95","R20260521-002","experiment","R20260521-002 ETF双池条件触发波动率风控","🧪 实验\R20260521-002_ETF双池条件触发波动率风控.md","04_实验记录\EX-20260521T000000Z-mig-R20260521002E8F95_R20260521-002ETF双池条件触发波动率风控.md","migrated_unverified","legacy_raw"
"EX-20260521T000000Z-mig-R2026052100335636","R20260521-003","experiment","R20260521-003 ETF双池目标ETF自身急跌风控","🧪 实验\R20260521-003_ETF双池目标ETF自身急跌风控.md","04_实验记录\EX-20260521T000000Z-mig-R2026052100335636_R20260521-003ETF双池目标ETF自身急跌风控.md","migrated_unverified","legacy_raw"
"EX-20260521T000000Z-mig-R202605210046E43A","R20260521-004","experiment","R20260521-004 ETF双池自身急跌排序惩罚","🧪 实验\R20260521-004_ETF双池自身急跌排序惩罚.md","04_实验记录\EX-20260521T000000Z-mig-R202605210046E43A_R20260521-004ETF双池自身急跌排序惩罚.md","migrated_unverified","legacy_raw"
"EX-20260521T000000Z-mig-R20260521005BE7AC","R20260521-005","experiment","R20260521-005 ETF双池Top5绝对动量准入防守","🧪 实验\R20260521-005_ETF双池Top5绝对动量准入防守.md","04_实验记录\EX-20260521T000000Z-mig-R20260521005BE7AC_R20260521-005ETF双池Top5绝对动量准入防守.md","migrated_unverified","legacy_raw"
"EX-20260521T000000Z-mig-R202605210069BE6D","R20260521-006","experiment","R20260521-006 ETF双池动量质量因子准入","🧪 实验\R20260521-006_ETF双池动量质量因子准入.md","04_实验记录\EX-20260521T000000Z-mig-R202605210069BE6D_R20260521-006ETF双池动量质量因子准入.md","migrated_unverified","legacy_raw"
"EX-20260521T000000Z-mig-R20260521006GOV174B0","R20260521-006-GOV","experiment","I20260521-007 动量质量因子准入","🧪 实验\R20260521-006_动量质量因子准入总记录.md","04_实验记录\EX-20260521T000000Z-mig-R20260521006GOV174B0_I20260521-007动量质量因子准入.md","migrated_unverified","legacy_raw"
"EX-20260521T000000Z-mig-R20260521007B9B96","R20260521-007","experiment","R20260521-007 平滑上涨参数稳定性与样本外验证","🧪 实验\R20260521-007_平滑上涨参数稳定性与样本外验证.md","04_实验记录\EX-20260521T000000Z-mig-R20260521007B9B96_R20260521-007平滑上涨参数稳定性与样本外验证.md","migrated_unverified","legacy_raw"
"EX-20260521T000000Z-mig-R20260521008A7A63","R20260521-008","experiment","R20260521-008 平滑上涨 w80/q045 多周期样本外验证","🧪 实验\R20260521-008_平滑上涨w80q045多周期样本外验证.md","04_实验记录\EX-20260521T000000Z-mig-R20260521008A7A63_R20260521-008平滑上涨w80q045多周期样本外验证.md","migrated_unverified","legacy_raw"
"EX-20260521T000000Z-mig-R20260521009CE522","R20260521-009","experiment","R20260521-009 平滑上涨软排序实验","🧪 实验\R20260521-009_平滑上涨软排序实验.md","04_实验记录\EX-20260521T000000Z-mig-R20260521009CE522_R20260521-009平滑上涨软排序实验.md","migrated_unverified","legacy_raw"
"EX-20260522T000000Z-mig-R20260522010691E3","R20260522-010","experiment","R20260522-010 ETF双池轮动适用市场环境归因","🧪 实验\R20260522-010_ETF双池轮动适用市场环境归因.md","04_实验记录\EX-20260522T000000Z-mig-R20260522010691E3_R20260522-010ETF双池轮动适用市场环境归因.md","migrated_unverified","legacy_raw"
"EX-20260522T000000Z-mig-R202605220118C2A9","R20260522-011","experiment","R20260522-011 市场状态识别文献库与 R010 设计","🧪 实验\R20260522-011_市场状态识别文献库与R010设计.md","04_实验记录\EX-20260522T000000Z-mig-R202605220118C2A9_R20260522-011市场状态识别文献库与R010设计.md","migrated_unverified","legacy_raw"
"EX-20260522T000000Z-mig-R202605220127CB6E","R20260522-012","experiment","R20260522-012 市场状态识别方法库建设","🧪 实验\R20260522-012_市场状态识别方法库建设.md","04_实验记录\EX-20260522T000000Z-mig-R202605220127CB6E_R20260522-012市场状态识别方法库建设.md","migrated_unverified","legacy_raw"
"EX-20260523T000000Z-mig-R202605230131EEE2","R20260523-013","experiment","R20260523-013 R010-A市场状态识别规格书与接口设计","🧪 实验\R20260523-013_R010A市场状态识别规格书与接口设计.md","04_实验记录\EX-20260523T000000Z-mig-R202605230131EEE2_R20260523-013R010-A市场状态识别规格书与接口设计.md","migrated_unverified","legacy_raw"
"EX-20260529T000000Z-mig-R202605290143E871","R20260529-014","experiment","R20260529-014 ETF双池全向防阴跌模块初测","🧪 实验\R20260529-014_ETF双池全向防阴跌模块初测.md","04_实验记录\EX-20260529T000000Z-mig-R202605290143E871_R20260529-014ETF双池全向防阴跌模块初测.md","migrated_unverified","legacy_raw"
"EX-20260530T000000Z-mig-R20260530015AD411","R20260530-015","experiment","R20260530-015 原策略阴跌v2二元KillSwitch复现 — KILL","🧪 实验\R20260530-015_原策略阴跌v2二元KillSwitch复现.md","04_实验记录\EX-20260530T000000Z-mig-R20260530015AD411_R20260530-015原策略阴跌v2二元KillSwitch复现—KILL.md","migrated_unverified","legacy_raw"
"EX-20260530T000000Z-mig-R202605300163B929","R20260530-016","experiment","R20260530-016 R010-A 市场状态日志首轮实现","🧪 实验\R20260530-016_R010A市场状态日志首轮实现.md","04_实验记录\EX-20260530T000000Z-mig-R202605300163B929_R20260530-016R010-A市场状态日志首轮实现.md","migrated_unverified","legacy_raw"
"EX-20260530T000000Z-mig-R20260530017F49CB","R20260530-017","experiment","R20260530-017 ETF双池Top5绝对动量2022复核","🧪 实验\R20260530-017_ETF双池Top5绝对动量2022复核.md","04_实验记录\EX-20260530T000000Z-mig-R20260530017F49CB_R20260530-017ETF双池Top5绝对动量2022复核.md","migrated_unverified","legacy_raw"
"EX-20260530T000000Z-mig-R20260530018AF185","R20260530-018","experiment","R20260530-018 ETF双池回撤归因与防守触发源分析","🧪 实验\R20260530-018_ETF双池回撤归因与防守触发源分析.md","04_实验记录\EX-20260530T000000Z-mig-R20260530018AF185_R20260530-018ETF双池回撤归因与防守触发源分析.md","migrated_unverified","legacy_raw"
"EX-20260530T000000Z-mig-R2026053001929DC0","R20260530-019","experiment","R20260530-019 ETF双池池内动量衰竭状态日志","🧪 实验\R20260530-019_ETF双池池内动量衰竭状态日志.md","04_实验记录\EX-20260530T000000Z-mig-R2026053001929DC0_R20260530-019ETF双池池内动量衰竭状态日志.md","migrated_unverified","legacy_raw"
"EX-20260530T000000Z-mig-R20260530020B9CD4","R20260530-020","experiment","R20260530-020 R010B分级防守动作日志实现","🧪 实验\R20260530-020_R010B分级防守动作日志实现.md","04_实验记录\EX-20260530T000000Z-mig-R20260530020B9CD4_R20260530-020R010B分级防守动作日志实现.md","migrated_unverified","legacy_raw"
"EX-20260530T000000Z-mig-R20260530020A41379","R20260530-020A","experiment","R010-B 分段恢复记录","🧪 实验\R20260530-020A_R010B分段恢复记录.md","04_实验记录\EX-20260530T000000Z-mig-R20260530020A41379_R010-B分段恢复记录.md","migrated_unverified","legacy_raw"
"EX-20260530T000000Z-mig-R20260530021A0513","R20260530-021","experiment","R20260530-021 R010B1动作消融首轮实现","🧪 实验\R20260530-021_R010B1动作消融首轮实现.md","04_实验记录\EX-20260530T000000Z-mig-R20260530021A0513_R20260530-021R010B1动作消融首轮实现.md","migrated_unverified","legacy_raw"
"EX-20260531T000000Z-mig-R20260531022FBCDE","R20260531-022","experiment","R20260531-022 R010C动作启动信号诊断与重构","🧪 实验\R20260531-022_R010C动作启动信号诊断与重构.md","04_实验记录\EX-20260531T000000Z-mig-R20260531022FBCDE_R20260531-022R010C动作启动信号诊断与重构.md","reviewed_observe_log_only","L1_readonly_legacy_review"
"EX-20260531T000000Z-mig-R20260531023034D3","R20260531-023","experiment","R20260531-023 R010C1 A0失速预警日志层首轮","🧪 实验\R20260531-023_R010C1_A0失速预警日志层首轮.md","04_实验记录\EX-20260531T000000Z-mig-R20260531023034D3_R20260531-023R010C1A0失速预警日志层首轮.md","reviewed_observe_log_only","L1_readonly_legacy_review"
"EX-20260531T000000Z-mig-R202605310243C468","R20260531-024","experiment","R20260531-024 R010D A1风险层启动方式重估","🧪 实验\R20260531-024_R010D_A1风险层启动方式重估.md","04_实验记录\EX-20260531T000000Z-mig-R202605310243C468_R20260531-024R010DA1风险层启动方式重估.md","migrated_unverified","legacy_raw"
"EX-20260531T000000Z-mig-R20260531025E9D88","R20260531-025","experiment","R20260531-025 R010E条件抗抖首轮","🧪 实验\R20260531-025_R010E条件抗抖首轮.md","04_实验记录\EX-20260531T000000Z-mig-R20260531025E9D88_R20260531-025R010E条件抗抖首轮.md","migrated_unverified","legacy_raw"
"EX-20260601T000000Z-mig-R2026060102845A88","R20260601-028","experiment","R20260601-028 B3-gate误拦截Top1斜率放松预注册","🧪 实验\R20260601-028_B3-gate误拦截Top1斜率放松预注册.md","04_实验记录\EX-20260601T000000Z-mig-R2026060102845A88_R20260601-028B3-gate误拦截Top1斜率放松预注册.md","migrated_unverified","legacy_raw"
"EX-20260601T000000Z-mig-R20260601028R010B405D28","R20260601-028-R010B4","experiment","R20260601-028 R010B4 B3Gate强度分层研究","🧪 实验\R20260601-028_R010B4_B3Gate强度分层研究.md","04_实验记录\EX-20260601T000000Z-mig-R20260601028R010B405D28_R20260601-028R010B4B3Gate强度分层研究.md","migrated_unverified","legacy_raw"
"EX-20260601T000000Z-mig-R20260601029R010B4TIEREDBD1A7","R20260601-029-R010B4-tiered-v2","experiment","R20260601-029 R010B4 B3Gate强度分层TieredV2预注册","🧪 实验\R20260601-029_R010B4_B3Gate强度分层TieredV2预注册.md","04_实验记录\EX-20260601T000000Z-mig-R20260601029R010B4TIEREDBD1A7_R20260601-029R010B4B3Gate强度分层TieredV2预注册.md","migrated_unverified","legacy_raw"
"EX-20260602T000000Z-mig-R20260602033R010B2A2SECO816D2","R20260602-033-R010B2-A2-second-level-gate-stability","experiment","R20260602-033 R010B2 A2二级观察门控稳定性复核","🧪 实验\R20260602-033_R010B2_A2二级观察门控稳定性复核.md","04_实验记录\EX-20260602T000000Z-mig-R20260602033R010B2A2SECO816D2_R20260602-033R010B2A2二级观察门控稳定性复核.md","migrated_unverified","legacy_raw"
"EX-20260602T000000Z-mig-R20260602035M002ETFFAMILC9A62","R20260602-035-M002-etf-family-state-attribution","experiment","R20260602-035 M002 ETF族状态归因首轮","🧪 实验\R20260602-035_M002_ETF族状态归因首轮.md","04_实验记录\EX-20260602T000000Z-mig-R20260602035M002ETFFAMILC9A62_R20260602-035M002ETF族状态归因首轮.md","migrated_unverified","legacy_raw"
"EX-20260602T000000Z-mig-R20260602036M003NONETFEQ9CBB6","R20260602-036-M003-non-etf-equity-discovery","experiment","R20260602-036 M003 非ETF可比净值候选发现审计","🧪 实验\R20260602-036_M003_非ETF可比净值候选发现审计.md","04_实验记录\EX-20260602T000000Z-mig-R20260602036M003NONETFEQ9CBB6_R20260602-036M003非ETF可比净值候选发现审计.md","migrated_unverified","legacy_raw"
"EX-20260602T000000Z-mig-R20260602037M004NONETFFUAE5C7","R20260602-037-M004-non-etf-full-cycle-baseline-prereg","experiment","R20260602-037 M004 非ETF全周期基准净值补齐预注册","🧪 实验\R20260602-037_M004_非ETF全周期基准净值补齐预注册.md","04_实验记录\EX-20260602T000000Z-mig-R20260602037M004NONETFFUAE5C7_R20260602-037M004非ETF全周期基准净值补齐预注册.md","migrated_unverified","legacy_raw"
"EX-20260602T000000Z-mig-R20260602043R010B579B9A","R20260602-043-R010B5","experiment","R20260602-043 R010B5 组合回撤预算动态缩放预注册与代理审计","🧪 实验\R20260602-043_R010B5_组合回撤预算动态缩放预注册与代理审计.md","04_实验记录\EX-20260602T000000Z-mig-R20260602043R010B579B9A_R20260602-043R010B5组合回撤预算动态缩放预注册与代理审计.md","migrated_unverified","legacy_raw"
"EX-20260602T000000Z-mig-R20260602044R010B5R1F6278","R20260602-044-R010B5R1","experiment","R20260602-044 R010B5R1 非线性组合回撤预算预注册与代理审计","🧪 实验\R20260602-044_R010B5R1_非线性组合回撤预算预注册与代理审计.md","04_实验记录\EX-20260602T000000Z-mig-R20260602044R010B5R1F6278_R20260602-044R010B5R1非线性组合回撤预算预注册与代理审计.md","migrated_unverified","legacy_raw"
"EX-20260602T000000Z-mig-R20260602045R010B5R2EA305","R20260602-045-R010B5R2","experiment","R20260602-045 R010B5R2 非线性回撤预算真实路径2024 Smoke","🧪 实验\R20260602-045_R010B5R2_非线性回撤预算真实路径2024Smoke.md","04_实验记录\EX-20260602T000000Z-mig-R20260602045R010B5R2EA305_R20260602-045R010B5R2非线性回撤预算真实路径2024Smoke.md","migrated_unverified","legacy_raw"
"EX-20260602T000000Z-mig-R20260602046R010B5R37ED93","R20260602-046-R010B5R3","experiment","R20260602-046 R010B5R3 非线性回撤预算参数敏感性与成本扰动预注册","🧪 实验\R20260602-046_R010B5R3_非线性回撤预算参数敏感性与成本扰动预注册.md","04_实验记录\EX-20260602T000000Z-mig-R20260602046R010B5R37ED93_R20260602-046R010B5R3非线性回撤预算参数敏感性与成本扰动预注册.md","migrated_unverified","legacy_raw"
"EX-20260602T000000Z-mig-R20260602047R010B5R4B8F95","R20260602-047-R010B5R4","experiment","R20260602-047 R010B5R4 非线性回撤预算默认关闭影子观察预注册","🧪 实验\R20260602-047_R010B5R4_非线性回撤预算默认关闭影子观察预注册.md","04_实验记录\EX-20260602T000000Z-mig-R20260602047R010B5R4B8F95_R20260602-047R010B5R4非线性回撤预算默认关闭影子观察预注册.md","migrated_unverified","legacy_raw"
"EX-20260603T000000Z-mig-R20260603048R010B5R514C00","R20260603-048-R010B5R5","experiment","R20260603-048 R010B5R5 非线性回撤预算严格Counterfactual预注册","🧪 实验\R20260603-048_R010B5R5_非线性回撤预算严格Counterfactual预注册.md","04_实验记录\EX-20260603T000000Z-mig-R20260603048R010B5R514C00_R20260603-048R010B5R5非线性回撤预算严格Counterfactual预注册.md","migrated_unverified","legacy_raw"
"EX-20260603T000000Z-mig-R20260603049R010B5R5R161773","R20260603-049-R010B5R5R1","experiment","R20260603-049 R010B5R5R1 非线性回撤预算失败归因与公式修订预注册","🧪 实验\R20260603-049_R010B5R5R1_非线性回撤预算失败归因与公式修订预注册.md","04_实验记录\EX-20260603T000000Z-mig-R20260603049R010B5R5R161773_R20260603-049R010B5R5R1非线性回撤预算失败归因与公式修订预注册.md","migrated_unverified","legacy_raw"
"EX-20260603T000000Z-mig-R20260603050R010B5R5R253641","R20260603-050-R010B5R5R2","experiment","R20260603-050 R010B5R5R2 事件环境字段日志补全预注册","🧪 实验\R20260603-050_R010B5R5R2_事件环境字段日志补全预注册.md","04_实验记录\EX-20260603T000000Z-mig-R20260603050R010B5R5R253641_R20260603-050R010B5R5R2事件环境字段日志补全预注册.md","migrated_unverified","legacy_raw"
"EX-20260603T000000Z-mig-R20260603051R010B5R5R22B6B7","R20260603-051-R010B5R5R2","experiment","R20260603-051 R010B5R5R2 新 Shadow 样本复核与环境归因","🧪 实验\R20260603-051_R010B5R5R2_新Shadow样本复核与环境归因.md","04_实验记录\EX-20260603T000000Z-mig-R20260603051R010B5R5R22B6B7_R20260603-051R010B5R5R2新Shadow样本复核与环境归因.md","migrated_unverified","legacy_raw"
"EX-20260603T000000Z-mig-R20260603052ACB6B","R20260603-052","experiment","R20260603-052 R010B5R5R3 低MedianRet条件预注册与只读复核","🧪 实验\R20260603-052_R010B5R5R3_低MedianRet条件预注册与只读复核.md","04_实验记录\EX-20260603T000000Z-mig-R20260603052ACB6B_R20260603-052R010B5R5R3低MedianRet条件预注册与只读复核.md","migrated_unverified","legacy_raw"
"EX-20260603T000000Z-mig-R202606030533457F","R20260603-053","experiment","R20260603-053 R010B5R5R4 低MedianRet现有结果交叉复核与新增样本外预注册","🧪 实验\R20260603-053_R010B5R5R4_低MedianRet现有结果交叉复核与新增样本外预注册.md","04_实验记录\EX-20260603T000000Z-mig-R202606030533457F_R20260603-053R010B5R5R4低MedianRet现有结果交叉复核与新增样本外预注册.md","migrated_unverified","legacy_raw"
"EX-20260603T000000Z-mig-R2026060305476DDA","R20260603-054","experiment","R20260603-054 R010B5S1 非线性仓位公式组件映射与证伪路线预注册","🧪 实验\R20260603-054_R010B5S1_非线性仓位公式组件映射与证伪路线预注册.md","04_实验记录\EX-20260603T000000Z-mig-R2026060305476DDA_R20260603-054R010B5S1非线性仓位公式组件映射与证伪路线预注册.md","migrated_unverified","legacy_raw"
"EX-20260603T000000Z-mig-R202606030554B305","R20260603-055","experiment","R20260603-055 R010B5S2 波动率项与资金曲线状态组件级只读审计预注册","🧪 实验\R20260603-055_R010B5S2_波动率项与资金曲线状态组件级只读审计预注册.md","04_实验记录\EX-20260603T000000Z-mig-R202606030554B305_R20260603-055R010B5S2波动率项与资金曲线状态组件级只读审计预注册.md","migrated_unverified","legacy_raw"
"EX-20260603T000000Z-mig-R20260603056F80E0","R20260603-056","experiment","R20260603-056 R010B5S3 波动率状态与资金曲线修复组件诊断预注册","🧪 实验\R20260603-056_R010B5S3_波动率状态与资金曲线修复组件诊断预注册.md","04_实验记录\EX-20260603T000000Z-mig-R20260603056F80E0_R20260603-056R010B5S3波动率状态与资金曲线修复组件诊断预注册.md","migrated_unverified","legacy_raw"
"EX-20260603T000000Z-mig-R20260603057D782D","R20260603-057","experiment","R20260603-057 R010B5S4 滚动波动率中位参考分组前向样本可用性审计","🧪 实验\R20260603-057_R010B5S4_滚动波动率中位参考分组前向样本可用性审计.md","04_实验记录\EX-20260603T000000Z-mig-R20260603057D782D_R20260603-057R010B5S4滚动波动率中位参考分组前向样本可用性审计.md","migrated_unverified","legacy_raw"
"EX-20260604T000000Z-mig-R202606040588511A","R20260604-058","experiment","R20260604-058 R010A4 进攻端状态门控平滑软排序实验","🧪 实验\R20260604-058_R010A4_进攻端状态门控平滑软排序实验.md","04_实验记录\EX-20260604T000000Z-mig-R202606040588511A_R20260604-058R010A4进攻端状态门控平滑软排序实验.md","migrated_unverified","legacy_raw"
"EX-20260604T000000Z-mig-R202606040597F143","R20260604-059","experiment","R20260604-059 R010A4 进攻软排序字段与实现可用性审计","🧪 实验\R20260604-059_R010A4_进攻软排序字段与实现可用性审计.md","04_实验记录\EX-20260604T000000Z-mig-R202606040597F143_R20260604-059R010A4进攻软排序字段与实现可用性审计.md","migrated_unverified","legacy_raw"
"EX-20260604T000000Z-mig-R20260604060DB364","R20260604-060","experiment","R20260604-060 R010A4R1 进攻软排序默认关闭实现审计","🧪 实验\R20260604-060_R010A4R1_进攻软排序默认关闭实现审计.md","04_实验记录\EX-20260604T000000Z-mig-R20260604060DB364_R20260604-060R010A4R1进攻软排序默认关闭实现审计.md","migrated_unverified","legacy_raw"
"EX-20260604T000000Z-mig-R202606040610B5CB","R20260604-061","experiment","R20260604-061 R010A4S2 进攻软排序2024Smoke行为审计","🧪 实验\R20260604-061_R010A4S2_进攻软排序2024Smoke行为审计.md","04_实验记录\EX-20260604T000000Z-mig-R202606040610B5CB_R20260604-061R010A4S2进攻软排序2024Smoke行为审计.md","migrated_unverified","legacy_raw"
"EX-20260604T000000Z-mig-R20260604062E3353","R20260604-062","experiment","R20260604-062 R010A4S3 进攻软排序近失效归因","🧪 实验\R20260604-062_R010A4S3_进攻软排序近失效归因.md","04_实验记录\EX-20260604T000000Z-mig-R20260604062E3353_R20260604-062R010A4S3进攻软排序近失效归因.md","migrated_unverified","legacy_raw"
"EX-20260604T000000Z-mig-R20260604063D3D73","R20260604-063","experiment","R20260604-063 R010A4S4 Top1替换质量标签只读发现","🧪 实验\R20260604-063_R010A4S4_Top1替换质量标签只读发现.md","04_实验记录\EX-20260604T000000Z-mig-R20260604063D3D73_R20260604-063R010A4S4Top1替换质量标签只读发现.md","migrated_unverified","legacy_raw"
"EX-20260604T000000Z-mig-R20260604064A93C5","R20260604-064","experiment","R20260604-064 R010A4S5 Top1近端衰竭替换2024Smoke审计","🧪 实验\R20260604-064_R010A4S5_Top1近端衰竭替换2024Smoke审计.md","04_实验记录\EX-20260604T000000Z-mig-R20260604064A93C5_R20260604-064R010A4S5Top1近端衰竭替换2024Smoke审计.md","migrated_unverified","legacy_raw"
"EX-20260604T000000Z-mig-R202606040650312D","R20260604-065","experiment","R20260604-065 R010A4S5 OOS默认关闭验证","🧪 实验\R20260604-065_R010A4S5_OOS默认关闭验证.md","04_实验记录\EX-20260604T000000Z-mig-R202606040650312D_R20260604-065R010A4S5OOS默认关闭验证.md","migrated_unverified","legacy_raw"
"EX-20260604T000000Z-mig-R202606040660711D","R20260604-066","experiment","R20260604-066 R010A4S6 S5失败归因只读审计","🧪 实验\R20260604-066_R010A4S6_S5失败归因只读审计.md","04_实验记录\EX-20260604T000000Z-mig-R202606040660711D_R20260604-066R010A4S6S5失败归因只读审计.md","migrated_unverified","legacy_raw"
"EX-20260604T000000Z-mig-R2026060406780AD6","R20260604-067","experiment","R20260604-067 R010A5 A2换仓失败归因只读审计","🧪 实验\R20260604-067_R010A5_A2换仓失败归因只读审计.md","04_实验记录\EX-20260604T000000Z-mig-R2026060406780AD6_R20260604-067R010A5A2换仓失败归因只读审计.md","migrated_unverified","legacy_raw"
"EX-20260604T000000Z-mig-R202606040685CEBD","R20260604-068","experiment","R20260604-068 R010A6 过滤层稀薄防抖2024Smoke否决","🧪 实验\R20260604-068_R010A6_过滤层稀薄防抖2024Smoke否决.md","04_实验记录\EX-20260604T000000Z-mig-R202606040685CEBD_R20260604-068R010A6过滤层稀薄防抖2024Smoke否决.md","migrated_unverified","legacy_raw"
"EX-20260604T000000Z-mig-R20260604070EA2A6","R20260604-070","experiment","R20260604-070 ETF专项执行窗口分层只读分析","🧪 实验\R20260604-070_ETF专项执行窗口分层只读分析.md","04_实验记录\EX-20260604T000000Z-mig-R20260604070EA2A6_R20260604-070ETF专项执行窗口分层只读分析.md","migrated_unverified","legacy_raw"
"EX-20260604T000000Z-mig-R20260604071C7EC3","R20260604-071","experiment","R20260604-071 ETF双池买卖时机独立反事实预注册","🧪 实验\R20260604-071_ETF双池买卖时机独立反事实预注册.md","04_实验记录\EX-20260604T000000Z-mig-R20260604071C7EC3_R20260604-071ETF双池买卖时机独立反事实预注册.md","migrated_unverified","legacy_raw"
"EX-20260604T000000Z-mig-R20260604072DE8A7","R20260604-072","experiment","R20260604-072 ETF双池 13:09/13:10 时点机制归因预注册","🧪 实验\R20260604-072_ETF双池1309_1310时点机制归因预注册.md","04_实验记录\EX-20260604T000000Z-mig-R20260604072DE8A7_R20260604-072ETF双池13091310时点机制归因预注册.md","migrated_unverified","legacy_raw"
"EX-20260604T000000Z-mig-R20260604073F111B","R20260604-073","experiment","R20260604-073 R010A6S3 保持旧仓失败触发簇只读归因","🧪 实验\R20260604-073_R010A6S3_保持旧仓失败触发簇只读归因.md","04_实验记录\EX-20260604T000000Z-mig-R20260604073F111B_R20260604-073R010A6S3保持旧仓失败触发簇只读归因.md","migrated_unverified","legacy_raw"
"EX-20260604T000000Z-mig-R2026060407497F21","R20260604-074","experiment","R20260604-074 R010A7 过滤层稀薄替代目标只读验证","🧪 实验\R20260604-074_R010A7_过滤层稀薄替代目标只读验证.md","04_实验记录\EX-20260604T000000Z-mig-R2026060407497F21_R20260604-074R010A7过滤层稀薄替代目标只读验证.md","migrated_unverified","legacy_raw"
"EX-20260604T000000Z-mig-R20260604075E9A24","R20260604-075","experiment","R20260604-075 R010A8 过滤层稀薄状态分层只读发现","🧪 实验\R20260604-075_R010A8_过滤层稀薄状态分层只读发现.md","04_实验记录\EX-20260604T000000Z-mig-R20260604075E9A24_R20260604-075R010A8过滤层稀薄状态分层只读发现.md","migrated_unverified","legacy_raw"
"EX-20260605T000000Z-mig-R2026060507681C94","R20260605-076","experiment","R20260605-076 R010A9 过滤层稀薄 Top3 替代真实路径多段验证","🧪 实验\R20260605-076_R010A9_过滤层稀薄Top3替代真实路径多段验证.md","04_实验记录\EX-20260605T000000Z-mig-R2026060507681C94_R20260605-076R010A9过滤层稀薄Top3替代真实路径多段验证.md","migrated_unverified","legacy_raw"
"EX-20260605T000000Z-mig-R202606050779AFBB","R20260605-077","experiment","R20260605-077 R010A9S4 高热度窄主线热分支 2024 Smoke 否决","🧪 实验\R20260605-077_R010A9S4_高热度窄主线热分支2024Smoke否决.md","04_实验记录\EX-20260605T000000Z-mig-R202606050779AFBB_R20260605-077R010A9S4高热度窄主线热分支2024Smoke否决.md","migrated_unverified","legacy_raw"
"EX-20260605T000000Z-mig-R2026060507889967","R20260605-078","experiment","R20260605-078 R010A9S3 已触发负贡献归因与审计字段增强","🧪 实验\R20260605-078_R010A9S3_已触发负贡献归因与审计字段增强.md","04_实验记录\EX-20260605T000000Z-mig-R2026060507889967_R20260605-078R010A9S3已触发负贡献归因与审计字段增强.md","migrated_unverified","legacy_raw"
"EX-20260605T000000Z-mig-R202606050799B34C","R20260605-079","experiment","R20260605-079 R010A9S3 Shadow 2024 Smoke 交易隔离通过","🧪 实验\R20260605-079_R010A9S3_Shadow2024Smoke交易隔离通过.md","04_实验记录\EX-20260605T000000Z-mig-R202606050799B34C_R20260605-079R010A9S3Shadow2024Smoke交易隔离通过.md","migrated_unverified","legacy_raw"
"EX-20260605T000000Z-mig-R2026060508099410","R20260605-080","experiment","R20260605-080 R010A9S3 Shadow 多分段 Smoke 交易隔离通过","🧪 实验\R20260605-080_R010A9S3_Shadow多分段Smoke交易隔离通过.md","04_实验记录\EX-20260605T000000Z-mig-R2026060508099410_R20260605-080R010A9S3Shadow多分段Smoke交易隔离通过.md","migrated_unverified","legacy_raw"
"EX-20260605T000000Z-mig-R202606050812A784","R20260605-081","experiment","R20260605-081 R010A9S3 Shadow 四分段全覆盖交易隔离通过","🧪 实验\R20260605-081_R010A9S3_Shadow四分段全覆盖交易隔离通过.md","04_实验记录\EX-20260605T000000Z-mig-R202606050812A784_R20260605-081R010A9S3Shadow四分段全覆盖交易隔离通过.md","migrated_unverified","legacy_raw"
"EX-20260605T000000Z-mig-R202606050828E097","R20260605-082","experiment","R20260605-082 R010A9S3 十五触发成交可用性与扣成本复核","🧪 实验\R20260605-082_R010A9S3_十五触发成交可用性与扣成本复核.md","04_实验记录\EX-20260605T000000Z-mig-R202606050828E097_R20260605-082R010A9S3十五触发成交可用性与扣成本复核.md","migrated_unverified","legacy_raw"
"EX-20260605T000000Z-mig-R20260605083B8CDE","R20260605-083","experiment","R20260605-083 R010A9S3 预可见容量护栏只读评估","🧪 实验\R20260605-083_R010A9S3_预可见容量护栏只读评估.md","04_实验记录\EX-20260605T000000Z-mig-R20260605083B8CDE_R20260605-083R010A9S3预可见容量护栏只读评估.md","migrated_unverified","legacy_raw"
"EX-20260605T000000Z-mig-R202606050844E399","R20260605-084","experiment","R20260605-084 R010A9S5 预可见容量护栏 Shadow 四分段验证","🧪 实验\R20260605-084_R010A9S5_预可见容量护栏Shadow四分段验证.md","04_实验记录\EX-20260605T000000Z-mig-R202606050844E399_R20260605-084R010A9S5预可见容量护栏Shadow四分段验证.md","migrated_unverified","legacy_raw"
"EX-20260605T000000Z-mig-R20260605085B7521","R20260605-085","experiment","R20260605-085 R010A9S5 放行事件 Live-Readiness 只读审计","🧪 实验\R20260605-085_R010A9S5_放行事件LiveReadiness只读审计.md","04_实验记录\EX-20260605T000000Z-mig-R20260605085B7521_R20260605-085R010A9S5放行事件Live-Readiness只读审计.md","migrated_unverified","legacy_raw"
"EX-20260605T000000Z-mig-R202606050866BB8C","R20260605-086","experiment","R20260605-086 R010A9S5 二级护栏候选只读发现","🧪 实验\R20260605-086_R010A9S5_二级护栏候选只读发现.md","04_实验记录\EX-20260605T000000Z-mig-R202606050866BB8C_R20260605-086R010A9S5二级护栏候选只读发现.md","migrated_unverified","legacy_raw"
"EX-20260605T000000Z-mig-R202606050878B552","R20260605-087","experiment","R20260605-087 R010A9S6 二级护栏 Default-Off Shadow 四分段验证","🧪 实验\R20260605-087_R010A9S6_二级护栏DefaultOffShadow四分段验证.md","04_实验记录\EX-20260605T000000Z-mig-R202606050878B552_R20260605-087R010A9S6二级护栏Default-OffShadow四分段验证.md","migrated_unverified","legacy_raw"
"EX-20260605T000000Z-mig-R202606050881EFD1","R20260605-088","experiment","R20260605-088 R010A10 A2 换仓延迟确认只读发现","🧪 实验\R20260605-088_R010A10_A2换仓延迟确认只读发现.md","04_实验记录\EX-20260605T000000Z-mig-R202606050881EFD1_R20260605-088R010A10A2换仓延迟确认只读发现.md","migrated_unverified","legacy_raw"
"EX-20260605T000000Z-mig-R202606050899F2EE","R20260605-089","experiment","R20260605-089 R010A10S1 A2 换仓延迟确认 Default-Off Shadow 四分段验证","🧪 实验\R20260605-089_R010A10S1_A2换仓延迟确认DefaultOffShadow四分段验证.md","04_实验记录\EX-20260605T000000Z-mig-R202606050899F2EE_R20260605-089R010A10S1A2换仓延迟确认Default-OffShadow四分段验证.md","migrated_unverified","legacy_raw"
"RD-20260523T000000Z-mig-BLF20260523001134E1","BLF20260523-001","direction","BLF20260523-001 市场状态识别与动量门控","🧭 方向\BLF20260523-001_市场状态识别与动量门控研究信念.md","02_研究方向\RD-20260523T000000Z-mig-BLF20260523001134E1_BLF20260523-001市场状态识别与动量门控.md","migrated_unverified","legacy_raw"
"RD-20260523T000000Z-mig-BLF20260523002F8A70","BLF20260523-002","direction","BLF20260523-002 平滑上涨软排序","🧭 方向\BLF20260523-002_平滑上涨软排序研究信念.md","02_研究方向\RD-20260523T000000Z-mig-BLF20260523002F8A70_BLF20260523-002平滑上涨软排序.md","migrated_unverified","legacy_raw"
"RD-20260603T000000Z-mig-ETF7D5F7","ETF双池防守系统","direction","B3 Gate + Tiered-v2 —— 防守系统研究总结","🧭 方向\ETF双池防守系统.md","02_研究方向\RD-20260603T000000Z-mig-ETF7D5F7_B3Gate+Tiered-v2——防守系统研究总结.md","migrated_unverified","legacy_raw"
"RD-20260605T000000Z-mig-R010AF00BB","R010-A","direction","ETF双池进攻系统","🧭 方向\ETF双池进攻系统.md","02_研究方向\RD-20260605T000000Z-mig-R010AF00BB_ETF双池进攻系统.md","migrated_unverified","legacy_raw"
"RD-20260604T000000Z-mig-ETFE8991","ETF阴跌防守","direction","ETF 阴跌防守","🧭 方向\ETF阴跌防守.md","02_研究方向\RD-20260604T000000Z-mig-ETFE8991_ETF阴跌防守.md","migrated_unverified","legacy_raw"
"RD-20260603T000000Z-mig-TOP1BB4BE","Top1斜率放松","direction","Top1 斜率放松 —— 研究总结","🧭 方向\Top1斜率放松.md","02_研究方向\RD-20260603T000000Z-mig-TOP1BB4BE_Top1斜率放松——研究总结.md","migrated_unverified","legacy_raw"
"RD-20260603T000000Z-mig-H95AC6BBA95AC6","防守池吸血信号","direction","R026 防守池吸血撤离信号 —— 研究总结","🧭 方向\防守池吸血信号.md","02_研究方向\RD-20260603T000000Z-mig-H95AC6BBA95AC6_R026防守池吸血撤离信号——研究总结.md","migrated_unverified","legacy_raw"
"RD-20260603T000000Z-mig-H8F6635B58F663","非线性仓位控制","direction","非线性仓位控制 —— 研究总结","🧭 方向\非线性仓位控制.md","02_研究方向\RD-20260603T000000Z-mig-H8F6635B58F663_非线性仓位控制——研究总结.md","migrated_unverified","legacy_raw"
